Site,Date,Quadrant,ID,Species,Distance,BasalDiameter,CrownDiameter,Height,StemCount
US-SRG,5/28/2025,NE,1,CHO,34.1,4,0.2,0.63,
US-SRG,5/28/2025,NE,1,,,,1.5,,
US-SRG,5/28/2025,NE,2,MES,49.3,12,3.7,2.6,
US-SRG,5/28/2025,NE,2,,,,3.1,,
US-SRG,5/28/2025,NE,3,MES,47.4,21,3.2,2.4,
US-SRG,5/28/2025,NE,3,,,,3.2,,
US-SRG,5/28/2025,NE,4,MES,52.3,23,4,3.1,
US-SRG,5/28/2025,NE,4,,,,4.5,,
US-SRG,5/28/2025,NE,5,MES,34.5,30,5.5,4.1,
US-SRG,5/28/2025,NE,5,,,,5,,
US-SRG,5/28/2025,NE,6,MES,75.3,11,2.8,2.3,
US-SRG,5/28/2025,NE,6,,,,2.9,,
US-SRG,5/28/2025,NE,7,MES,74.7,15,2.5,2.3,
US-SRG,5/28/2025,NE,7,,,18,2.5,,
US-SRG,5/28/2025,NE,8,MES,75.3,13,2.9,2.16,2
US-SRG,5/28/2025,NE,8,,,17,2.8,,
US-SRG,5/28/2025,NE,9,MES,76.8,15,2.65,2.4,
US-SRG,5/28/2025,NE,9,,,19,3,,
US-SRG,5/28/2025,NE,10,MES,62.3,20,5.5,4.3,
US-SRG,5/28/2025,NE,10,,,22,5.6,,
US-SRG,5/28/2025,NE,11,CHO,44.7,4,0.5,0.76,
US-SRG,5/28/2025,NE,11,,,,0.48,,
US-SRG,5/28/2025,NE,12,CHO,45.4,4,0.4,0.62,
US-SRG,5/28/2025,NE,12,,,,0.3,,
US-SRG,5/28/2025,NE,13,MES,67.6,20,5,3.6,
US-SRG,5/28/2025,NE,13,,,21,5.5,,
US-SRG,5/28/2025,NE,14,CHO,41.1,4,0.3,0.55,
US-SRG,5/28/2025,NE,14,,,,0.32,,
US-SRG,5/28/2025,NE,15,MES,48.7,14,3.9,2.7,2
US-SRG,5/28/2025,NE,15,,,15,3.9,,
US-SRG,5/28/2025,NE,16,MES,38.3,15,4.7,3.5,
US-SRG,5/28/2025,NE,16,,,,0.54,,
US-SRG,5/28/2025,NE,17,MES,36.7,12,3.4,2.8,
US-SRG,5/28/2025,NE,17,,,,2.8,,
US-SRG,5/28/2025,NE,18,MES,44,21,5.2,4.2,
US-SRG,5/28/2025,NE,18,,,,5.9,,
US-SRG,5/28/2025,NE,19,MES,48,21,6.5,4.2,
US-SRG,5/28/2025,NE,19,,,,5.5,,
US-SRG,5/28/2025,NE,20,MES,57,23,6.3,4.5,
US-SRG,5/28/2025,NE,20,,,,6.4,,
US-SRG,5/28/2025,NE,21,MES,61.8,27,3.6,3.5,
US-SRG,5/28/2025,NE,21,,,,3.9,,
US-SRG,5/28/2025,NE,22,MES,65.6,18,4.1,4,
US-SRG,5/28/2025,NE,22,,,,4.2,,
US-SRG,5/28/2025,NE,23,MES,68.5,15,2,2.3,
US-SRG,5/28/2025,NE,23,,,,2.8,,
US-SRG,5/28/2025,NE,24,MES,70.5,25,4.1,3,
US-SRG,5/28/2025,NE,24,,,,4.4,,
US-SRG,5/28/2025,NE,25,CHO,46.7,4,0.49,0.97,
US-SRG,5/28/2025,NE,25,,,4,0.2,,
US-SRG,5/28/2025,NE,26,MES,16.7,25,6.2,3.9,
US-SRG,5/28/2025,NE,26,,,,6.7,,
US-SRG,5/28/2025,NE,27,MES,25.6,11,2.3,2.1,
US-SRG,5/28/2025,NE,27,,,,2.2,,
US-SRG,5/28/2025,NE,28,MES,35.1,16,2.9,2.5,
US-SRG,5/28/2025,NE,28,,,,2.9,,
US-SRG,5/28/2025,NE,29,MES,70.5,0.34,3.2,3,
US-SRG,5/28/2025,NE,29,,,0.32,,,
US-SRG,5/28/2025,NE,30,MES,70.2,30,6.3,4.5,
US-SRG,5/28/2025,NE,30,,,44,7.9,,
US-SRG,5/28/2025,NE,31,MES,71.7,14,1.8,1.9,
US-SRG,5/28/2025,NE,31,,,,1.8,,
US-SRG,5/28/2025,NE,32,MES,23.9,43,3.8,2.71,15
US-SRG,5/28/2025,NE,32,,,,4.8,,
US-SRG,5/28/2025,NE,33,MES,16.5,16,3.4,2.8,
US-SRG,5/28/2025,NE,33,,,,3.7,,
US-SRG,5/28/2025,NE,34,MES,26.9,27,4,,
US-SRG,5/28/2025,NE,34,,,54,4.5,,
US-SRG,5/28/2025,NE,35,MES,26.4,16,2.2,2.8,
US-SRG,5/28/2025,NE,35,,,,1.5,,
US-SRG,5/28/2025,NE,36,MES,39,29,5.8,4,
US-SRG,5/28/2025,NE,36,,,,6,,
US-SRG,5/28/2025,NE,37,MES,39.5,41,7.5,4.2,
US-SRG,5/28/2025,NE,37,,,,7.5,,
US-SRG,5/28/2025,NE,38,MES,48.6,0.8,3.6,3.5,
US-SRG,5/28/2025,NE,38,,,0.4,4.7,,
US-SRG,5/28/2025,NE,39,MES,57.9,52,3.9,2.6,
US-SRG,5/28/2025,NE,39,,,,4.9,,
US-SRG,5/28/2025,NE,40,MES,61.5,3.5,1.2,1.4,
US-SRG,5/28/2025,NE,40,,,,0.7,,
US-SRG,5/28/2025,NE,41,MES,61.9,17,2.3,1.7,
US-SRG,5/28/2025,NE,41,,,,2.7,,
US-SRG,5/28/2025,NE,42,MES,66.5,34,5.4,3.2,
US-SRG,5/28/2025,NE,42,,,,5.4,,
US-SRG,5/28/2025,NE,43,MES,64.4,0.9,0.7,0.6,
US-SRG,5/28/2025,NE,43,,,,,,
US-SRG,5/28/2025,NE,44,MES,64.5,25,5.6,3.6,
US-SRG,5/28/2025,NE,44,,,,5,,
US-SRG,5/28/2025,NE,45,MES,64,3.9,2,2.1,
US-SRG,5/28/2025,NE,45,,,,1.8,,
US-SRG,5/28/2025,NE,46,CHAC,62.2,6,1.2,1.27,
US-SRG,5/28/2025,NE,46,,,,0.9,,
US-SRG,5/28/2025,NE,47,CHAC,61.6,4,1.6,1.7,
US-SRG,5/28/2025,NE,47,,,,1.2,,
US-SRG,5/28/2025,NE,48,CHAC,57.3,,3.1,1.6,
US-SRG,5/28/2025,NE,48,,,,3.9,,
US-SRG,5/28/2025,NE,49,MES,49.5,56,4.9,3.4,15
US-SRG,5/28/2025,NE,49,,,,4.7,,
US-SRG,5/28/2025,NE,50,MES,16.5,20,3.7,2.8,
US-SRG,5/28/2025,NE,50,,,,3.6,,
US-SRG,5/28/2025,NE,51,MES,12.5,21,2.9,2.15,
US-SRG,5/28/2025,NE,51,,,,2,,
US-SRG,5/28/2025,NE,52,CHO,21.8,4,0.6,0.34,
US-SRG,5/28/2025,NE,52,,,,0.18,,
US-SRG,5/28/2025,NE,53,MES,30.2,33,3.1,3,
US-SRG,5/28/2025,NE,53,,,,4.1,,
US-SRG,5/28/2025,NE,54,MES,36,35,8,5,
US-SRG,5/28/2025,NE,54,,,,8.3,,
US-SRG,5/28/2025,NE,55,MES,39.4,30,2.1,2.1,
US-SRG,5/28/2025,NE,55,,,,2.4,,
US-SRG,5/28/2025,NE,56,MES,41.1,43,8,5.3,
US-SRG,5/28/2025,NE,56,,,,7.8,,
US-SRG,5/28/2025,NE,57,MES,47.8,30,4.4,2.5,
US-SRG,5/28/2025,NE,57,,,,3.3,,
US-SRG,5/28/2025,NE,58,MES,58.6,23,3.3,2.6,8
US-SRG,5/28/2025,NE,58,,,,3.1,,
US-SRG,5/28/2025,NE,59,CHAC,61,38,3,1.85,12
US-SRG,5/28/2025,NE,59,,,,0.28,,
US-SRG,5/28/2025,NE,60,CHAC,62.3,51,2.6,2,26
US-SRG,5/28/2025,NE,60,,,,2.3,,
US-SRG,5/28/2025,NE,61,MES,63.15,28,3.5,3.36,1
US-SRG,5/28/2025,NE,61,,,,3.2,,
US-SRG,5/28/2025,NE,62,MES,64.4,28,3,2.8,
US-SRG,5/28/2025,NE,62,,,,2.7,,
US-SRG,5/28/2025,NE,63,MES,68.9,20,2.9,2.6,5
US-SRG,5/28/2025,NE,63,,,,2.9,,
US-SRG,5/28/2025,NE,64,CHAC,73.1,34,2.5,2.6,
US-SRG,5/28/2025,NE,64,,,,2.5,,
US-SRG,5/28/2025,NE,65,MES,71.1,4,0.9,1.2,4
US-SRG,5/28/2025,NE,65,,,,0.7,,
US-SRG,5/28/2025,NE,66,MES,71.2,24,4.1,3.8,8
US-SRG,5/28/2025,NE,66,,,,4.4,,
US-SRG,5/28/2025,NE,67,MES,72,28,3.1,2.5,
US-SRG,5/28/2025,NE,67,,,,2.8,,
US-SRG,5/28/2025,NE,68,CHAC,72,24,1.9,2.3,
US-SRG,5/28/2025,NE,68,,,,,,
US-SRG,5/28/2025,NE,69,CHAC,72,6,0.6,1.5,
US-SRG,5/28/2025,NE,69,,,,0.8,,
US-SRG,5/28/2025,NE,70,CHAC,72,6,1.2,2.1,
US-SRG,5/28/2025,NE,70,,,,0.8,,
US-SRG,5/28/2025,NE,71,CHAC,72,6,1.3,2,
US-SRG,5/28/2025,NE,71,,,,0.7,,
US-SRG,5/28/2025,NE,72,CHAC,72,8,1,1.9,
US-SRG,5/28/2025,NE,72,,,,1.2,,
US-SRG,5/28/2025,NE,73,CHAC,75.1,6,1.2,1.4,
US-SRG,5/28/2025,NE,73,,,,1.1,,
US-SRG,5/28/2025,NE,74,MES,75.2,24,2.4,2.3,8
US-SRG,5/28/2025,NE,74,,,,2.5,,
US-SRG,5/28/2025,NE,75,MES,75.2,22,2.3,1.8,6
US-SRG,5/28/2025,NE,75,,,,2.8,,
US-SRG,5/28/2025,NE,76,MES,77,43,7.5,5,1
US-SRG,5/28/2025,NE,76,,,,8.8,,
US-SRG,5/28/2025,NE,77,MES,65.7,24,3.7,2.4,8
US-SRG,5/28/2025,NE,77,,,,4,,
US-SRG,5/28/2025,NE,78,MES,79.2,23,3.45,2.6,20
US-SRG,5/28/2025,NE,78,,,,3.9,,
US-SRG,5/28/2025,NE,79,MES,81,25,3.1,2.5,1
US-SRG,5/28/2025,NE,79,,,,3.2,,
US-SRG,5/28/2025,NE,80,CHAC,80,8,1.5,1.3,6
US-SRG,5/28/2025,NE,80,,,,2.1,,
US-SRG,5/28/2025,NE,81,CHAC,82.4,24,2.2,2.5,1
US-SRG,5/28/2025,NE,81,,,,2.4,,
US-SRG,5/28/2025,NE,82,MES,83.4,25,2.5,2.8,8
US-SRG,5/28/2025,NE,82,,,,2.5,,
US-SRG,5/28/2025,NE,83,MES,84.2,18,2.8,2.8,5
US-SRG,5/28/2025,NE,83,,,,2.8,,
US-SRG,5/28/2025,NE,84,MES,85,3,1.3,1,7
US-SRG,5/28/2025,NE,84,,,,0.8,,
US-SRG,5/28/2025,NE,85,CHAC,87.1,17,2.7,2.1,12
US-SRG,5/28/2025,NE,85,,,,2.4,,
US-SRG,5/28/2025,NE,86,CHAC,84.6,30,2.2,2.4,12
US-SRG,5/28/2025,NE,86,,,,2.2,,
US-SRG,5/28/2025,NE,87,CHAC,87.6,30,2.1,2.3,12
US-SRG,5/28/2025,NE,87,,,,2.3,,
US-SRG,5/28/2025,NE,88,CHAC,87.6,28,2.2,2.4,12
US-SRG,5/28/2025,NE,88,,,,2.4,,
US-SRG,5/28/2025,NE,89,CHAC,88.7,31,2.2,2.5,12
US-SRG,5/28/2025,NE,89,,,,2.1,,
US-SRG,5/28/2025,NE,90,CHAC,90.4,32,2.6,2.4,
US-SRG,5/28/2025,NE,90,,,,2.6,,
US-SRG,5/28/2025,NE,91,CHAC,91.1,30,2.3,2.3,
US-SRG,5/28/2025,NE,91,,,,2.2,,
US-SRG,5/28/2025,NE,92,MES,92.3,43,2.9,2.4,
US-SRG,5/28/2025,NE,92,,,,3.4,,
US-SRG,5/28/2025,NE,93,MES,94,25,2,2.2,4
US-SRG,5/28/2025,NE,93,,,,2,,
US-SRG,5/28/2025,NE,94,CHAC,95,24,1.9,2.6,
US-SRG,5/28/2025,NE,94,,,,,,
US-SRG,5/28/2025,NE,95,MES,95.8,11,2.2,2.1,
US-SRG,5/28/2025,NE,95,,,,1.8,,
US-SRG,5/28/2025,NE,96,MES,95.3,15,2.7,2.6,
US-SRG,5/28/2025,NE,96,,,,2.7,,
US-SRG,5/28/2025,NE,97,MES,95.1,22,4.9,4.3,
US-SRG,5/28/2025,NE,97,,,,5.9,,
US-SRG,5/28/2025,NE,98,MES,79.9,28,8.1,5.1,
US-SRG,5/28/2025,NE,98,,,,6.4,,
US-SRG,5/28/2025,NE,99,MES,93.1,38,4.3,3.5,
US-SRG,5/28/2025,NE,99,,,,3.9,,
US-SRG,5/28/2025,SW,100,MES,15.1,4.8,4.16,4.8,
US-SRG,5/28/2025,SW,100,,,,5.1,,
US-SRG,5/28/2025,SW,101,GTN,17.1,5.3,3.2,2.2,
US-SRG,5/28/2025,SW,101,,,,3.6,,
US-SRG,5/28/2025,SW,102,CHAC,36.27,2.9,2.4,2.7,
US-SRG,5/28/2025,SW,102,,,3.6,1.3,,
US-SRG,5/28/2025,SW,102,,,5.1,,,
US-SRG,5/28/2025,SW,103,MES,36.88,5.4,4.8,4.9,
US-SRG,5/28/2025,SW,103,,,,4.5,,
US-SRG,5/28/2025,SW,104,GTN,38.6,2.5,2.3,1.5,
US-SRG,5/28/2025,SW,104,,,,2,,
US-SRG,5/28/2025,SW,105,MES,48.3,7,4.2,5.4,
US-SRG,5/28/2025,SW,105,,,,4.3,,
US-SRG,5/28/2025,SW,106,MES,63.79,4.8,3.6,3.8,
US-SRG,5/28/2025,SW,106,,,,3.2,,
US-SRG,5/28/2025,SW,107,MES,68,6.2,5.7,5.5,
US-SRG,5/28/2025,SW,107,,,4.3,,,
US-SRG,5/28/2025,SW,108,MES,67.85,6.7,3.1,4.4,
US-SRG,5/28/2025,SW,108,,,,2.4,,
US-SRG,5/28/2025,SW,109,MES,71.4,3.5,2,2.2,
US-SRG,5/28/2025,SW,109,,,2.8,2.5,,
US-SRG,5/28/2025,SW,109,,,1.9,,,
US-SRG,5/28/2025,SW,109,,,2.6,,,
US-SRG,5/28/2025,SW,109,,,1.6,,,
US-SRG,5/28/2025,SW,110,MES,75.68,1.6,2,,
US-SRG,5/28/2025,SW,110,,,4.6,2.1,,
US-SRG,5/28/2025,SW,110,,,2.3,,,
US-SRG,5/28/2025,SW,111,MES,77.53,0.8,0.6,0.8,
US-SRG,5/28/2025,SW,111,,,0.9,0.7,,
US-SRG,5/28/2025,SW,112,MES,77.71,5.2,4.2,2.2,
US-SRG,5/28/2025,SW,112,,,4.5,3,,
US-SRG,5/28/2025,SW,113,MES,78.02,1.4,1.1,0.8,
US-SRG,5/28/2025,SW,113,,,1.6,1,,
US-SRG,5/28/2025,SW,114,MES,79.24,10.6,2,2.5,
US-SRG,5/28/2025,SW,114,,,,3,,
US-SRG,5/28/2025,SW,115,CHAC,82.88,10,6.5,2.5,
US-SRG,5/28/2025,SW,115,,,4,7,,
US-SRG,5/28/2025,SW,115,,,4,,,
US-SRG,5/28/2025,SW,115,,,8,,,
US-SRG,5/28/2025,SW,116,MES,95.48,8.9,6.5,6.5,
US-SRG,5/28/2025,SW,116,,,7.6,7,,
US-SRG,5/28/2025,SW,117,MES,99.48,13.2,4.2,3.6,
US-SRG,5/28/2025,SW,117,,,,2.5,,
US-SRG,5/28/2025,SW,118,MES,97.05,15,7.5,6.4,
US-SRG,5/28/2025,SW,118,,,,6,,
US-SRG,5/28/2025,SW,119,MES,90.73,5.1,2.5,2,
US-SRG,5/28/2025,SW,119,,,,3,,
US-SRG,5/28/2025,SW,120,MES,7.89,15.6,2.8,4,
US-SRG,5/28/2025,SW,120,,,,3.5,,
US-SRG,5/28/2025,SW,121,MES,13.65,4.2,3.8,3.5,
US-SRG,5/28/2025,SW,121,,,4.2,3.3,,
US-SRG,5/28/2025,SW,121,,,3.8,,,
US-SRG,5/28/2025,SW,121,,,5,,,
US-SRG,5/28/2025,SW,121,,,5.8,,,
US-SRG,5/28/2025,SW,122,MES,20.52,4.8,3.3,2.8,
US-SRG,5/28/2025,SW,122,,,5,4,,
US-SRG,5/28/2025,SW,122,,,4.2,,,
US-SRG,5/28/2025,SW,122,,,3.2,,,
US-SRG,5/28/2025,SW,122,,,3.9,,,
US-SRG,5/28/2025,SW,123,GTN,34.05,11,2.5,2.6,
US-SRG,5/28/2025,SW,123,,,,3,,
US-SRG,5/28/2025,SW,124,BRTB,35,0.5,0.7,0.7,
US-SRG,5/28/2025,SW,124,,,,0.6,,
US-SRG,5/28/2025,SW,125,CHO,43.78,6,0.9,0.77,
US-SRG,5/28/2025,SW,125,,,,0.8,,
US-SRG,5/28/2025,SW,126,MES,46.87,3.8,3,3.6,
US-SRG,5/28/2025,SW,126,,,2.1,3.6,,
US-SRG,5/28/2025,SW,126,,,2.3,,,
US-SRG,5/28/2025,SW,126,,,2.4,,,
US-SRG,5/28/2025,SW,126,,,4.1,,,
US-SRG,5/28/2025,SW,126,,,3.7,,,
US-SRG,5/28/2025,SW,127,CHO,57.11,0.4,0.64,0.3,
US-SRG,5/28/2025,SW,127,,,,0.73,,
US-SRG,5/28/2025,SW,128,MES,50.22,7,3.8,4.7,
US-SRG,5/28/2025,SW,128,,,,3.6,,
US-SRG,5/28/2025,SW,129,MES,63.47,5.4,5,4.3,
US-SRG,5/28/2025,SW,129,,,,5.2,,
US-SRG,5/28/2025,SW,130,CHO,63.31,1,0.09,0.24,
US-SRG,5/28/2025,SW,130,,,,0.01,,
US-SRG,5/28/2025,SW,131,MES,64.8,11.2,2.7,,
US-SRG,5/28/2025,SW,131,,,,2.5,3.6,
US-SRG,5/28/2025,SW,132,HYSL,67.73,1.5,1.5,1.5,
US-SRG,5/28/2025,SW,132,,,,0.9,,
US-SRG,5/28/2025,SW,133,GTN,84.48,12,3,3.6,
US-SRG,5/28/2025,SW,133,,,,2.5,,
US-SRG,5/28/2025,SW,134,GTN,85.71,17,2,4.9,
US-SRG,5/28/2025,SW,134,,,,4.5,,
US-SRG,5/28/2025,SW,135,GTN,87.81,4,2.8,1.6,
US-SRG,5/28/2025,SW,135,,,,1.8,,
US-SRG,5/28/2025,SW,136,GTN,86.74,6,2.4,4.5,
US-SRG,5/28/2025,SW,136,,,,2.4,,
US-SRG,5/28/2025,SW,137,MES,89.44,6,3.6,4.2,
US-SRG,5/28/2025,SW,137,,,6,4.8,,
US-SRG,5/28/2025,SW,137,,,4,,,
US-SRG,5/28/2025,SW,138,WTA,84.01,2,1.35,1.6,
US-SRG,5/28/2025,SW,138,,,,1.6,,
US-SRG,5/28/2025,SW,139,GTN,84.09,3,0.9,1.4,
US-SRG,5/28/2025,SW,139,,,,0.8,,
US-SRG,5/28/2025,SW,140,GTN,84.59,11,1.45,3.5,
US-SRG,5/28/2025,SW,140,,,,1.3,,
US-SRG,5/28/2025,SW,141,GTN,84.29,2,0.8,1.4,
US-SRG,5/28/2025,SW,141,,,,0.7,,
US-SRG,5/28/2025,SW,142,GTN,84,3,1.3,1.6,
US-SRG,5/28/2025,SW,142,,,,5.9,,
US-SRG,5/28/2025,SW,143,GTN,84.6,1.5,0.6,1,
US-SRG,5/28/2025,SW,143,,,,0.4,,
US-SRG,5/28/2025,SW,144,MES,84.6,6.4,3,3.54,
US-SRG,5/28/2025,SW,144,,,,3.2,,
US-SRG,5/28/2025,SW,145,UNK,96.44,1.3,2.6,1.6,
US-SRG,5/28/2025,SW,145,,,,2.1,,
US-SRG,5/28/2025,SW,146,MES,99.88,2.4,0.7,1.4,
US-SRG,5/28/2025,SW,146,,,,0.35,,
US-SRG,5/28/2025,SW,147,MES,9.9,21,4,3.6,
US-SRG,5/28/2025,SW,147,,,,3.8,,
US-SRG,5/28/2025,SW,148,MES,26.29,9.2,7.3,6.7,
US-SRG,5/28/2025,SW,148,,,,6.2,,
US-SRG,5/28/2025,SW,149,MES,42.6,5.7,3.7,3.5,
US-SRG,5/28/2025,SW,149,,,4.8,3.8,,
US-SRG,5/28/2025,SW,149,,,3.1,,,
US-SRG,5/28/2025,SW,149,,,3.4,,,
US-SRG,5/28/2025,SW,150,MES,46.05,2.1,2,1.7,
US-SRG,5/28/2025,SW,150,,,1.6,1.7,,
US-SRG,5/28/2025,SW,150,,,2.5,,,
US-SRG,5/28/2025,SW,151,MES,53.42,3.6,2.5,2.3,
US-SRG,5/28/2025,SW,151,,,3.4,3.2,,
US-SRG,5/28/2025,SW,151,,,2.5,,,
US-SRG,5/28/2025,SW,151,,,7,,,
US-SRG,5/28/2025,SW,152,MES,55.8,3.6,1.8,1.1,
US-SRG,5/28/2025,SW,152,,,1.6,1.4,,
US-SRG,5/28/2025,SW,153,MES,57.2,18,6,4.4,
US-SRG,5/28/2025,SW,153,,,15,5,,
US-SRG,5/28/2025,SW,154,MES,57.73,4.4,2.2,1.7,
US-SRG,5/28/2025,SW,154,,,2.4,1.2,,
US-SRG,5/28/2025,SW,155,MES,53.6,25,5.5,4.7,
US-SRG,5/28/2025,SW,155,,,,7,,
US-SRG,5/28/2025,SW,156,MES,39.04,4.6,2.6,2.2,
US-SRG,5/28/2025,SW,156,,,,2.2,,
US-SRG,5/28/2025,SW,157,CHO,48.68,1.5,0.4,0.68,
US-SRG,5/28/2025,SW,157,,,,0.6,,
US-SRG,5/28/2025,SW,158,MES,50.88,21,5,5.5,
US-SRG,5/28/2025,SW,158,,,,7,,
US-SRG,5/28/2025,SW,159,MES,51.54,2.5,2.5,2,
US-SRG,5/28/2025,SW,159,,,3.1,2,,
US-SRG,5/28/2025,SW,160,BRTB,47.17,0.4,0.4,0.5,
US-SRG,5/28/2025,SW,160,,,,0.47,,
US-SRG,5/28/2025,SW,161,GTN,85.34,2,1.5,1.6,
US-SRG,5/28/2025,SW,161,,,,1.4,,
US-SRG,5/28/2025,SW,162,GTN,85.34,1.1,1.8,1.4,
US-SRG,5/28/2025,SW,162,,,,1.9,,
US-SRG,5/28/2025,SW,163,MES,84.34,4.63,2.4,2.51,
US-SRG,5/28/2025,SW,163,,,3.5,2.8,,
US-SRG,5/28/2025,SW,164,GTN,86.7,2.5,2.3,1.8,
US-SRG,5/28/2025,SW,164,,,,2,,
US-SRG,5/28/2025,SW,165,GTN,86.5,2.5,2.6,2.3,
US-SRG,5/28/2025,SW,165,,,,2,,
US-SRG,5/28/2025,SW,166,MES,91.27,12,3.8,3.5,
US-SRG,5/28/2025,SW,166,,,,4,,
US-SRG,5/28/2025,SW,167,CHO,84.68,3,0.6,0.9,
US-SRG,5/28/2025,SW,167,,,,0.5,,
US-SRG,5/28/2025,SW,168,MES,87.02,11,4,3.7,
US-SRG,5/28/2025,SW,168,,,,4,,
US-SRG,5/28/2025,SW,169,MES,7.81,5.7,3.8,4.2,
US-SRG,5/28/2025,SW,169,,,,3.3,,
US-SRG,5/28/2025,SW,170,MES,23.8,22,5.6,5.3,
US-SRG,5/28/2025,SW,170,,,,4.1,,
US-SRG,5/28/2025,SW,171,MES,27.37,21.18,5.8,6.7,
US-SRG,5/28/2025,SW,171,,,,8.8,,
US-SRG,5/28/2025,SW,172,MES,30.11,2.3,1.7,1.3,
US-SRG,5/28/2025,SW,172,,,2.4,1.1,,
US-SRG,5/28/2025,SW,173,MES,29.48,4.2,2.1,2,
US-SRG,5/28/2025,SW,173,,,3.4,2,,
US-SRG,5/28/2025,SW,174,MES,33.1,28,6.4,6,
US-SRG,5/28/2025,SW,174,,,,6.2,,
US-SRG,5/28/2025,SW,175,MES,38.5,19,3.7,6.2,
US-SRG,5/28/2025,SW,175,,,,6,,
US-SRG,5/28/2025,SW,176,MES,38.5,4.7,3,2.7,
US-SRG,5/28/2025,SW,176,,,5.9,3.5,,
US-SRG,5/28/2025,SW,177,MES,58.78,21.14,4.8,5.5,
US-SRG,5/28/2025,SW,177,,,,5.5,,
US-SRG,5/28/2025,SW,178,MES,56.49,2.8,2.3,2.9,
US-SRG,5/28/2025,SW,178,,,4.3,2.4,,
US-SRG,5/28/2025,SW,179,MES,57,4.1,2.6,2.4,
US-SRG,5/28/2025,SW,179,,,4,2.5,,
US-SRG,5/28/2025,SW,179,,,2.6,,,
US-SRG,5/28/2025,SW,180,MES,56.5,34,7.3,6.4,
US-SRG,5/28/2025,SW,180,,,,7.5,,
US-SRG,5/28/2025,SW,181,CHO,52.3,3,0.3,0.65,
US-SRG,5/28/2025,SW,181,,,,0.4,,
US-SRG,5/28/2025,SW,182,MES,54,15,5.8,5.8,
US-SRG,5/28/2025,SW,182,,,,5,,
US-SRG,5/28/2025,SW,183,MES,62.3,5.3,4,3.4,
US-SRG,5/28/2025,SW,183,,,2.1,4.2,,
US-SRG,5/28/2025,SW,184,MES,60.2,10,3.2,3,
US-SRG,5/28/2025,SW,184,,,2.1,3,,
US-SRG,5/28/2025,SW,184,,,1.5,,,
US-SRG,5/28/2025,SW,185,MES,61.45,1,1,1.6,
US-SRG,5/28/2025,SW,185,,,0.7,1.2,,
US-SRG,5/28/2025,SW,186,CHO,61.45,2,0.2,0.4,
US-SRG,5/28/2025,SW,186,,,,0.4,,
US-SRG,5/28/2025,SW,187,MES,59.9,11,4.9,3.4,
US-SRG,5/28/2025,SW,187,,,17,4.2,,
US-SRG,5/28/2025,SW,188,MES,61.6,7,2.6,3.7,
US-SRG,5/28/2025,SW,188,,,3.6,3.1,,
US-SRG,5/28/2025,SW,189,MES,62.1,5.3,1.9,2.7,
US-SRG,5/28/2025,SW,189,,,5.7,1.6,,
US-SRG,5/28/2025,SW,190,MES,67.2,16,4,3.7,
US-SRG,5/28/2025,SW,190,,,,4,,
US-SRG,5/28/2025,SW,191,MES,67.5,3.6,2,2.1,
US-SRG,5/28/2025,SW,191,,,3.9,1.8,,
US-SRG,5/28/2025,SW,191,,,1.7,,,
US-SRG,5/28/2025,SW,192,MES,67.84,3.8,1.8,1.7,
US-SRG,5/28/2025,SW,192,,,2.3,2,,
US-SRG,5/28/2025,SW,192,,,1.4,,,
US-SRG,5/28/2025,SW,193,MES,70.4,3.6,4,2.6,
US-SRG,5/28/2025,SW,193,,,2.5,2.8,,
US-SRG,5/28/2025,SW,193,,,3.6,,,
US-SRG,5/28/2025,SW,193,,,2.7,,,
US-SRG,5/28/2025,SW,194,MES,69.4,4.1,2,2.6,
US-SRG,5/28/2025,SW,194,,,3,2.3,,
US-SRG,5/28/2025,SW,194,,,3.5,,,
US-SRG,5/28/2025,SW,194,,,3.1,,,
US-SRG,5/28/2025,SW,194,,,1.6,,,
US-SRG,5/28/2025,SW,195,MES,71,18,3.8,4.7,
US-SRG,5/28/2025,SW,195,,,,5,,
US-SRG,5/28/2025,SW,196,MES,70.2,9.7,2.8,3.7,
US-SRG,5/28/2025,SW,196,,,,2.8,,
US-SRG,5/28/2025,SW,197,MES,70.3,11,3.3,3.5,
US-SRG,5/28/2025,SW,197,,,,3,,
US-SRG,5/28/2025,SW,198,CHO,78.28,3,0.6,0.45,
US-SRG,5/28/2025,SW,198,,,,0.35,,
US-SRG,5/28/2025,SW,199,MES,79.4,1.2,1,0.8,
US-SRG,5/28/2025,SW,199,,,1.1,0.7,,
US-SRG,5/28/2025,SW,200,GTN,84.3,21,5.1,2.9,
US-SRG,5/28/2025,SW,200,,,,4.9,,
US-SRG,5/28/2025,SW,201,GTN,84.8,1.7,1,1.2,
US-SRG,5/28/2025,SW,201,,,,1.7,,
US-SRG,5/28/2025,SW,202,MES,85.3,3.3,2.4,1.9,
US-SRG,5/28/2025,SW,202,,,1.5,1.7,,
US-SRG,5/28/2025,SW,203,HYSL,92.5,1.5,1.5,1.6,
US-SRG,5/28/2025,SW,203,,,,1,,
US-SRG,5/28/2025,SW,204,MES,83.1,14,3,2.3,
US-SRG,5/28/2025,SW,204,,,,5.5,,
US-SRG,5/28/2025,SW,205,MES,83.2,13,6,4.2,
US-SRG,5/28/2025,SW,205,,,,4.1,,
US-SRG,5/28/2025,SW,206,MES,83.2,8.7,3.8,2.7,
US-SRG,5/28/2025,SW,206,,,,4,,
US-SRG,5/28/2025,SW,207,MES,83.1,8,3,3.4,
US-SRG,5/28/2025,SW,207,,,6,8,,
US-SRG,5/28/2025,SW,207,,,4,3.9,,
US-SRG,5/28/2025,SW,207,,,2,,,
US-SRG,5/28/2025,SW,208,MES,83.64,13,2.4,2.8,
US-SRG,5/28/2025,SW,208,,,4,2.1,,
US-SRG,5/28/2025,SW,208,,,2,,,
US-SRG,5/28/2025,SW,209,MES,88.35,2.5,4.1,2.6,
US-SRG,5/28/2025,SW,209,,,15.5,3.9,,
US-SRG,5/28/2025,SW,210,HYSL,86.27,0.8,1.2,1.4,
US-SRG,5/28/2025,SW,210,,,,1,,
US-SRG,5/28/2025,SW,211,MES,86.25,21,3.1,2.5,
US-SRG,5/28/2025,SW,211,,,,4,,
US-SRG,5/28/2025,SW,212,HYSL,86.25,0.9,1.3,1.5,
US-SRG,5/28/2025,SW,212,,,,0.9,,
US-SRG,5/28/2025,SW,213,MES,86.25,2.8,2.2,2.2,
US-SRG,5/28/2025,SW,213,,,3.1,1.5,,
US-SRG,5/28/2025,SW,214,MES,86,2.2,2.2,2.2,
US-SRG,5/28/2025,SW,214,,,2.8,,,
US-SRG,5/28/2025,SW,215,CHO,84,3,0.2,0.3,
US-SRG,5/28/2025,SW,215,,,,0.1,,
US-SRG,5/28/2025,SW,216,MES,86.1,3,2.2,3,
US-SRG,5/28/2025,SW,216,,,3.1,1.8,,
US-SRG,5/28/2025,SW,217,MES,97,25,9.1,6.1,
US-SRG,5/28/2025,SW,217,,,,7,,
US-SRG,5/28/2025,SW,218,OPT,98,,0.3,0.2,
US-SRG,5/28/2025,SW,218,,,,0.17,,
US-SRG,5/28/2025,SW,219,OPT,98,,0.2,0.1,
US-SRG,5/28/2025,SW,219,,,,0.5,,
US-SRG,5/28/2025,SW,220,OPT,98.6,,0.3,0.1,
US-SRG,5/28/2025,SW,220,,,,0.1,,
US-SRG,5/28/2025,SW,221,MES,98,3,2.2,1.8,
US-SRG,5/28/2025,SW,221,,,2,2.9,,
US-SRG,5/28/2025,SW,222,HYSL,99,0.7,0.9,1.7,
US-SRG,5/28/2025,SW,222,,,,1.3,,
US-SRG,5/28/2025,SW,223,MES,99,2,1.2,1.7,
US-SRG,5/28/2025,SW,223,,,1,0.8,,
US-SRG,5/28/2025,SW,223,,,0.5,,,
US-SRG,5/28/2025,SW,224,MES,99,1.7,1.8,1.4,
US-SRG,5/28/2025,SW,224,,,1,1.8,,
US-SRG,5/28/2025,SW,225,MES,100,3,1.6,2.1,
US-SRG,5/28/2025,SW,225,,,2.5,2.3,,
US-SRG,5/28/2025,SW,226,MES,96,13,3,4,
US-SRG,5/28/2025,SW,226,,,1,5.9,,
US-SRG,5/28/2025,SW,227,MES,100,15,5.1,4.5,
US-SRG,5/28/2025,SW,227,,,,3.7,,
US-SRG,5/28/2025,SW,228,MES,72.4,9.8,4.2,3.5,
US-SRG,5/28/2025,SW,228,,,9.7,4.9,,
US-SRG,5/28/2025,SW,229,MES,75.9,22,5,5.7,
US-SRG,5/28/2025,SW,229,,,,5.5,,
US-SRG,5/28/2025,SW,230,MES,75.4,2.3,1.9,1,
US-SRG,5/28/2025,SW,230,,,1.3,1,,
US-SRG,5/28/2025,SW,230,,,0.4,,,
US-SRG,5/28/2025,SW,231,MES,72.5,2.5,1.8,2.4,
US-SRG,5/28/2025,SW,231,,,3.3,2,,
US-SRG,5/28/2025,SW,231,,,3.2,,,
US-SRG,5/28/2025,SW,232,MES,73.5,3.4,2.9,2.3,
US-SRG,5/28/2025,SW,232,,,1.3,2.3,,
US-SRG,5/28/2025,SW,232,,,2.4,,,
US-SRG,5/28/2025,SW,232,,,2.5,,,
US-SRG,5/28/2025,SW,233,MES,80.6,6.2,1.8,4.7,
US-SRG,5/28/2025,SW,233,,,5.3,1.9,,
US-SRG,5/28/2025,SW,234,MES,79.5,21,4.8,5.5,
US-SRG,5/28/2025,SW,234,,,,4.9,,
US-SRG,5/28/2025,SW,235,MES,78.5,18,4,1,
US-SRG,5/28/2025,SW,235,,,,4,,
US-SRG,5/28/2025,SW,236,MES,76.4,1,2,1.3,
US-SRG,5/28/2025,SW,236,,,1,1.8,,
US-SRG,5/28/2025,SW,236,,,1.15,,,
US-SRG,5/28/2025,SW,236,,,0.7,,,
US-SRG,5/28/2025,SW,237,CHO,47.89,1,0.03,0.2,
US-SRG,5/28/2025,SW,237,,,,0.02,,
US-SRG,5/28/2025,SW,238,MES,58.79,15,2.8,4.3,
US-SRG,5/28/2025,SW,238,,,,3.9,,
US-SRG,5/28/2025,SW,239,GTN,60.1,19,3.2,2.9,
US-SRG,5/28/2025,SW,239,,,,3.1,,
US-SRG,5/28/2025,SW,240,HYSL,59.99,0.5,0.8,2,
US-SRG,5/28/2025,SW,240,,,,0.9,,
US-SRG,5/28/2025,SW,241,MES,61,2.8,1,2.5,
US-SRG,5/28/2025,SW,241,,,,1.7,,
US-SRG,5/28/2025,SW,242,MES,61.49,17,3.3,4.5,
US-SRG,5/28/2025,SW,242,,,,3.7,,
US-SRG,5/28/2025,SW,243,MES,64.78,3.7,3,3.9,
US-SRG,5/28/2025,SW,243,,,,3,,
US-SRG,5/28/2025,SW,243,,,,3,,
US-SRG,5/28/2025,SW,244,MES,71.47,1.3,1.2,1,
US-SRG,5/28/2025,SW,244,,,1.2,1.3,,
US-SRG,5/28/2025,SW,244,,,1.2,,,
US-SRG,5/28/2025,SW,245,MES,70.23,10.1,2.5,3.3,
US-SRG,5/28/2025,SW,245,,,,2,,
US-SRG,5/28/2025,SW,246,MES,70.3,24,5.8,5.1,
US-SRG,5/28/2025,SW,246,,,12,6.2,,
US-SRG,5/28/2025,SW,247,MES,69.02,3.1,1.4,1.7,
US-SRG,5/28/2025,SW,247,,,,1.2,,
US-SRG,5/28/2025,SW,248,CHO,73.65,3,0.3,1.1,
US-SRG,5/28/2025,SW,248,,,,0.2,,
US-SRG,5/28/2025,SW,249,GTN,73.04,11,3.2,3.6,
US-SRG,5/28/2025,SW,249,,,,3.5,,
US-SRG,5/28/2025,SW,250,MES,77.59,5,4,3.8,
US-SRG,5/28/2025,SW,250,,,,3.6,,
US-SRG,5/28/2025,SW,251,MES,78.01,0.03,0.7,0.4,
US-SRG,5/28/2025,SW,251,,,,0.3,,
US-SRG,5/28/2025,SW,252,MES,80.09,16,3.6,3.7,
US-SRG,5/28/2025,SW,252,,,,4,,
US-SRG,5/28/2025,SW,253,OPT,77.7,,0.15,0.1,
US-SRG,5/28/2025,SW,253,,,,0.5,,
US-SRG,5/28/2025,SW,254,HYSL,77.6,0.08,0.9,1.5,
US-SRG,5/28/2025,SW,254,,,,1,,
US-SRG,5/28/2025,SW,255,MES,75.4,1.2,1.3,1.2,
US-SRG,5/28/2025,SW,255,,,,0.6,,
US-SRG,5/28/2025,SW,256,MES,78.78,,5.3,4.7,
US-SRG,5/28/2025,SW,256,,,,7,,
US-SRG,5/28/2025,SW,257,MES,78.3,25,5.1,4.3,
US-SRG,5/28/2025,SW,257,,,,4.9,,
US-SRG,5/28/2025,SW,258,MES,75.8,2,0.8,1.4,
US-SRG,5/28/2025,SW,258,,,1,0.75,,
US-SRG,5/28/2025,SW,258,,,0.5,,,
US-SRG,5/28/2025,SW,259,MES,73.6,23,4.2,5.5,
US-SRG,5/28/2025,SW,259,,,,5.8,,
US-SRG,5/28/2025,SW,260,HYSL,76.1,1.2,1.1,1.5,
US-SRG,5/28/2025,SW,260,,,,1.2,,
US-SRG,5/28/2025,SW,261,MES,80.1,1.5,0.4,0.7,
US-SRG,5/28/2025,SW,261,,,,1,,
US-SRG,5/28/2025,SW,262,MES,85.3,5.7,2.7,2.8,
US-SRG,5/28/2025,SW,262,,,2.5,3.8,,
US-SRG,5/28/2025,SW,262,,,2.4,,,
US-SRG,5/28/2025,SW,262,,,2.6,,,
US-SRG,5/28/2025,SW,262,,,3.9,,,
US-SRG,5/28/2025,SW,262,,,3.2,,,
US-SRG,5/28/2025,SW,262,,,4.2,,,
US-SRG,5/28/2025,SW,263,MES,87.2,1.8,2.3,1.6,
US-SRG,5/28/2025,SW,263,,,2,1.9,,
US-SRG,5/28/2025,SW,263,,,1.8,,,
US-SRG,5/28/2025,SW,263,,,2.2,,,
US-SRG,5/28/2025,SW,264,MES,85.5,31,7.4,6,
US-SRG,5/28/2025,SW,264,,,,6.7,,
US-SRG,5/28/2025,SW,265,CHO,84.1,4,0.3,1.1,
US-SRG,5/28/2025,SW,265,,,,0.2,,
US-SRG,5/28/2025,SW,266,CHAC,86.8,0.6,0.6,0.4,
US-SRG,5/28/2025,SW,266,,,,0.5,,
US-SRG,5/28/2025,SW,267,MES,89.1,7.9,2,2.5,
US-SRG,5/28/2025,SW,267,,,1.8,3,,
US-SRG,5/28/2025,SW,267,,,3.4,,,
US-SRG,5/28/2025,SW,267,,,3,,,
US-SRG,5/28/2025,SW,268,UNK,91.1,0.6,0.6,0.3,
US-SRG,5/28/2025,SW,268,,,,0.4,,
US-SRG,5/28/2025,SW,269,MES,97.4,1.6,0.8,1.3,
US-SRG,5/28/2025,SW,269,,,1.4,1.1,,
US-SRG,5/28/2025,SW,270,MES,93,2.5,2.8,1.6,
US-SRG,5/28/2025,SW,270,,,3.4,2.2,,
US-SRG,5/28/2025,SW,271,MES,92.2,3.8,2.7,3.1,
US-SRG,5/28/2025,SW,271,,,1.4,2.4,,
US-SRG,5/28/2025,SW,271,,,3.7,,,
US-SRG,5/28/2025,SW,271,,,3.4,,,
US-SRG,5/28/2025,SW,272,MES,92.1,3.7,2.2,2.6,
US-SRG,5/28/2025,SW,272,,,3.4,3,,
US-SRG,5/28/2025,SW,272,,,2.6,,,
US-SRG,5/28/2025,SW,272,,,2.6,,,
US-SRG,5/28/2025,SW,273,CHAC,85.2,1.4,1.9,1.4,
US-SRG,5/28/2025,SW,273,,,0.8,2,,
US-SRG,5/28/2025,SW,273,,,1.9,,,
US-SRG,5/28/2025,SW,274,MES,84.6,10.5,1.7,3.4,
US-SRG,5/28/2025,SW,274,,,,1.3,,
US-SRG,5/28/2025,SW,275,MES,84.4,17,4.1,3.5,
US-SRG,5/28/2025,SW,275,,,,3.7,,
US-SRG,5/28/2025,SW,276,MES,88.2,34,3.8,2.8,
US-SRG,5/28/2025,SW,276,,,,0.29,,
US-SRG,5/28/2025,SW,277,MES,93.7,47,6.3,3.4,
US-SRG,5/28/2025,SW,277,,,,6.4,,
US-SRG,5/28/2025,SW,278,MES,79.1,17,2,2.6,
US-SRG,5/28/2025,SW,278,,,,2.1,,
US-SRG,5/28/2025,SW,279,MES,79,11,2.7,2.3,
US-SRG,5/28/2025,SW,279,,,,2.2,,
US-SRG,5/28/2025,SW,280,MES,86.4,7,1.6,1.2,
US-SRG,5/28/2025,SW,280,,,,1.95,,
US-SRG,6/4/2025,NW,281,MES,18.19,18,3.9,3.8,1
US-SRG,6/4/2025,NW,281,,,,2.8,,
US-SRG,6/4/2025,NW,282,MES,19.7,26,6.5,4.5,1
US-SRG,6/4/2025,NW,282,,,,7,,
US-SRG,6/4/2025,NW,283,GTN,20.32,7,3,4,9
US-SRG,6/4/2025,NW,283,,,,2.6,,
US-SRG,6/4/2025,NW,284,MES,20.18,6.3,2.5,2.2,1
US-SRG,6/4/2025,NW,284,,,,3,,
US-SRG,6/4/2025,NW,285,MES,28.02,14,3.2,2.6,2
US-SRG,6/4/2025,NW,285,,,,3,,
US-SRG,6/4/2025,NW,286,GTN,27.65,1.4,0.8,1.5,10
US-SRG,6/4/2025,NW,286,,,,0.7,,
US-SRG,6/4/2025,NW,287,GTN,27.6,1.1,1.8,1.8,6
US-SRG,6/4/2025,NW,287,,,,1.4,,
US-SRG,6/4/2025,NW,288,MES,31.17,12,3.3,3.7,2
US-SRG,6/4/2025,NW,288,,,,3.8,,
US-SRG,6/4/2025,NW,289,MES,31.95,1.6,1.2,1.3,4
US-SRG,6/4/2025,NW,289,,,,1.5,,
US-SRG,6/4/2025,NW,290,MES,34.14,5.6,3.2,3.3,5
US-SRG,6/4/2025,NW,290,,,,2.8,,
US-SRG,6/4/2025,NW,291,MES,36.17,2.3,1.8,1.8,8
US-SRG,6/4/2025,NW,291,,,,2,,
US-SRG,6/4/2025,NW,292,MES,42.82,4.5,4.8,3.8,4
US-SRG,6/4/2025,NW,292,,,,4.8,,
US-SRG,6/4/2025,NW,293,MES,41.4,12,2.1,2.7,2
US-SRG,6/4/2025,NW,293,,,,1.8,,
US-SRG,6/4/2025,NW,294,MES,42.13,1.8,1,1.3,3
US-SRG,6/4/2025,NW,294,,,,1.8,,
US-SRG,6/4/2025,NW,295,MES,53.48,3.2,3,2.3,3
US-SRG,6/4/2025,NW,295,,,,2.8,,
US-SRG,6/4/2025,NW,296,MES,55.45,2.8,2,2.3,5
US-SRG,6/4/2025,NW,296,,,,1.3,,
US-SRG,6/4/2025,NW,297,MES,61.6,3.9,4,2.6,8
US-SRG,6/4/2025,NW,297,,,,3.8,,
US-SRG,6/4/2025,NW,298,GTN,66.15,1.8,2,3.8,1
US-SRG,6/4/2025,NW,298,,,,2,,
US-SRG,6/4/2025,NW,299,MES,64.9,9,3.5,3.8,5
US-SRG,6/4/2025,NW,299,,,,2.8,,
US-SRG,6/4/2025,NW,300,MES,72.4,8,4.4,4.4,2
US-SRG,6/4/2025,NW,300,,,,3.4,,
US-SRG,6/4/2025,NW,301,MES,73.52,3,1,1.1,2
US-SRG,6/4/2025,NW,301,,,,1.2,,
US-SRG,6/4/2025,NW,302,CHO,24.3,2,0.6,0.7,2
US-SRG,6/4/2025,NW,302,,,,0.3,,
US-SRG,6/4/2025,NW,303,MES,29.15,16,3.1,4.3,1
US-SRG,6/4/2025,NW,303,,,,5,,
US-SRG,6/4/2025,NW,304,MES,37.92,2.5,1.8,2.4,7
US-SRG,6/4/2025,NW,304,,,,2,,
US-SRG,6/4/2025,NW,305,MES,39.25,40,6,4.5,1
US-SRG,6/4/2025,NW,305,,,,6.8,,
US-SRG,6/4/2025,NW,306,MES,49.22,1.2,1.4,0.7,3
US-SRG,6/4/2025,NW,306,,,,1,,
US-SRG,6/4/2025,NW,307,MES,51.5,17,3,3.4,2
US-SRG,6/4/2025,NW,307,,,,5.2,,
US-SRG,6/4/2025,NW,308,MES,57.48,2.6,1.2,1.4,3
US-SRG,6/4/2025,NW,308,,,,1.5,,
US-SRG,6/4/2025,NW,309,CHO,59.1,3,1,1.2,4
US-SRG,6/4/2025,NW,309,,,,1.1,,
US-SRG,6/4/2025,NW,310,MES,64.42,11,5,4.8,3
US-SRG,6/4/2025,NW,310,,,,6.2,,
US-SRG,6/4/2025,NW,311,MES,67.91,16,3.9,3.8,1
US-SRG,6/4/2025,NW,311,,,,6,,
US-SRG,6/4/2025,NW,312,MES,71.75,4.1,4.2,3,9
US-SRG,6/4/2025,NW,312,,,,2.8,,
US-SRG,6/4/2025,NW,313,MES,77,2,1.5,1.8,4
US-SRG,6/4/2025,NW,313,,,,1.8,,
US-SRG,6/4/2025,NW,314,MES,76.91,1.4,0.75,0.7,1
US-SRG,6/4/2025,NW,314,,,,0.5,,
US-SRG,6/4/2025,NW,315,MES,75.5,3.6,3,3.4,8
US-SRG,6/4/2025,NW,315,,,,2.9,,
US-SRG,6/4/2025,NW,316,MES,74.18,3.2,1.2,1.7,4
US-SRG,6/4/2025,NW,316,,,,1.2,,
US-SRG,6/4/2025,NW,317,MES,80.2,20,5.5,4.2,1
US-SRG,6/4/2025,NW,317,,,,5.8,,
US-SRG,6/4/2025,NW,318,MES,82.8,15,4.5,4.4,2
US-SRG,6/4/2025,NW,318,,,,4.8,,
US-SRG,6/4/2025,NW,319,MES,88.32,12,4.8,3.2,2
US-SRG,6/4/2025,NW,319,,,,6,,
US-SRG,6/4/2025,NW,320,MES,84.05,2.7,1.6,2,5
US-SRG,6/4/2025,NW,320,,,,1.5,,
US-SRG,6/4/2025,NW,321,MES,85.86,12,3.2,3,2
US-SRG,6/4/2025,NW,321,,,,5,,
US-SRG,6/4/2025,NW,322,MES,87.17,12,3.2,4,1
US-SRG,6/4/2025,NW,322,,,,4,,
US-SRG,6/4/2025,NW,323,MES,93.3,4.8,2.8,2.6,3
US-SRG,6/4/2025,NW,323,,,,3.2,,
US-SRG,6/4/2025,NW,324,MES,90.3,14,6.1,4.1,1
US-SRG,6/4/2025,NW,324,,,,4.8,,
US-SRG,6/4/2025,NW,325,MES,92.5,18,3.8,3.8,1
US-SRG,6/4/2025,NW,325,,,,5.3,,
US-SRG,6/4/2025,NW,326,MES,93.51,11,3.9,2.9,1
US-SRG,6/4/2025,NW,326,,,,2.5,,
US-SRG,6/4/2025,NW,327,MES,98.62,3.2,1.1,1.3,2
US-SRG,6/4/2025,NW,327,,,,1.3,,
US-SRG,6/4/2025,NW,328,MES,23.3,8,3.7,3.3,4
US-SRG,6/4/2025,NW,328,,,,4.1,,
US-SRG,6/4/2025,NW,329,CHO,23.1,2,0.3,0.5,1
US-SRG,6/4/2025,NW,329,,,,0.2,,
US-SRG,6/4/2025,NW,330,CHO,39.76,3,0.5,0.9,3
US-SRG,6/4/2025,NW,330,,,,0.8,,
US-SRG,6/4/2025,NW,331,MES,43.08,2.9,2.1,2.7,2
US-SRG,6/4/2025,NW,331,,,,1.5,,
US-SRG,6/4/2025,NW,332,CHO,42.44,1,0.2,0.3,2
US-SRG,6/4/2025,NW,332,,,,0.2,,
US-SRG,6/4/2025,NW,333,MES,45.24,2.6,0.8,1.1,1
US-SRG,6/4/2025,NW,333,,,,0.1,,
US-SRG,6/4/2025,NW,334,CHO,54.49,1,0.3,4,1
US-SRG,6/4/2025,NW,334,,,,0.2,,
US-SRG,6/4/2025,NW,335,MES,61.84,6,3,3.2,7
US-SRG,6/4/2025,NW,335,,,,3.8,,
US-SRG,6/4/2025,NW,336,MES,63.96,6,3.9,3.1,4
US-SRG,6/4/2025,NW,336,,,,3,,
US-SRG,6/4/2025,NW,337,MES,66.41,17,4,5.3,1
US-SRG,6/4/2025,NW,337,,,,5.1,,
US-SRG,6/4/2025,NW,338,MES,70.35,20,3.3,4.5,1
US-SRG,6/4/2025,NW,338,,,,5.2,,
US-SRG,6/4/2025,NW,339,MES,75.13,30,4.8,4.3,1
US-SRG,6/4/2025,NW,339,,,,4.5,,
US-SRG,6/4/2025,NW,340,MES,78.72,12,2.8,3.9,1
US-SRG,6/4/2025,NW,340,,,,4,,
US-SRG,6/4/2025,NW,341,MES,83.68,28,5.9,4.1,1
US-SRG,6/4/2025,NW,341,,,,7,,
US-SRG,6/4/2025,NW,342,MES,86.18,2.9,1.9,2.6,3
US-SRG,6/4/2025,NW,342,,,,2,,
US-SRG,6/4/2025,NW,343,MES,88.3,3.9,3,2.8,7
US-SRG,6/4/2025,NW,343,,,,2.8,,
US-SRG,6/4/2025,NW,344,MES,92.11,2.6,3.8,2.5,6
US-SRG,6/4/2025,NW,344,,,,3,,
US-SRG,6/4/2025,NW,345,MES,93.52,2.6,2.5,2.4,6
US-SRG,6/4/2025,NW,345,,,,2.3,,
US-SRG,6/4/2025,NW,346,MES,94.78,14,3.2,4.3,1
US-SRG,6/4/2025,NW,346,,,,3.5,,
US-SRG,6/4/2025,NW,347,MES,91.36,2.8,3.8,2.8,4
US-SRG,6/4/2025,NW,347,,,,1.8,,
US-SRG,6/4/2025,NW,348,MES,90.37,3,1.8,1.2,4
US-SRG,6/4/2025,NW,348,,,,1.5,,
US-SRG,6/4/2025,NW,349,MES,92.16,2.7,1,1.7,4
US-SRG,6/4/2025,NW,349,,,,1.8,,
US-SRG,6/4/2025,NW,350,MES,93.89,2.9,0.8,2,1
US-SRG,6/4/2025,NW,350,,,,1,,
US-SRG,6/4/2025,NW,351,MES,93.89,3.4,1,1.5,2
US-SRG,6/4/2025,NW,351,,,,1.2,,
US-SRG,6/4/2025,NW,352,MES,94.73,32,10.1,5.1,1
US-SRG,6/4/2025,NW,352,,,,9.5,,
US-SRG,6/4/2025,NW,353,MES,99.61,1.1,0.5,0.6,2
US-SRG,6/4/2025,NW,353,,,,0.6,,
US-SRG,6/4/2025,NW,354,MES,6.56,1.5,1.8,2,6
US-SRG,6/4/2025,NW,354,,,,2,,
US-SRG,6/4/2025,NW,355,CHO,30.78,4,1,1.2,1
US-SRG,6/4/2025,NW,355,,,,0.6,,
US-SRG,6/4/2025,NW,356,MES,37.05,3.3,1.3,1.3,2
US-SRG,6/4/2025,NW,356,,,,1.5,,
US-SRG,6/4/2025,NW,357,MES,41.09,3.7,3,2.7,10
US-SRG,6/4/2025,NW,357,,,,3,,
US-SRG,6/4/2025,NW,358,MES,41.09,2.1,1.2,1.3,3
US-SRG,6/4/2025,NW,358,,,,1,,
US-SRG,6/4/2025,NW,359,CHO,42.36,2.5,0.4,0.5,2
US-SRG,6/4/2025,NW,359,,,,0.3,,
US-SRG,6/4/2025,NW,360,MES,37.34,24,3.9,4.6,1
US-SRG,6/4/2025,NW,360,,,,3.8,,
US-SRG,6/4/2025,NW,361,MES,49.08,5.1,3.2,3.3,7
US-SRG,6/4/2025,NW,361,,,,2.8,,
US-SRG,6/4/2025,NW,362,MES,50.13,5.8,4.3,4,9
US-SRG,6/4/2025,NW,362,,,,4,,
US-SRG,6/4/2025,NW,363,MES,50.48,5.2,2,3.5,3
US-SRG,6/4/2025,NW,363,,,,1.7,,
US-SRG,6/4/2025,NW,364,CHO,55.23,4,0.8,1,1
US-SRG,6/4/2025,NW,364,,,,0.6,,
US-SRG,6/4/2025,NW,365,MES,55.02,21,3.8,3.7,7
US-SRG,6/4/2025,NW,365,,,,4,,
US-SRG,6/4/2025,NW,366,MES,54.31,24,3.6,4,1
US-SRG,6/4/2025,NW,366,,,,3.8,,
US-SRG,6/4/2025,NW,367,MES,61.62,2.5,1.4,1,1
US-SRG,6/4/2025,NW,367,,,,0.6,,
US-SRG,6/4/2025,NW,368,MES,68.35,4.5,3.3,2.9,3
US-SRG,6/4/2025,NW,368,,,,3.5,,
US-SRG,6/4/2025,NW,369,CHO,70.49,4.5,1.1,3.4,2
US-SRG,6/4/2025,NW,369,,,,1,,
US-SRG,6/4/2025,NW,370,MES,64.95,10,3.1,3.6,5
US-SRG,6/4/2025,NW,370,,,,2.5,,
US-SRG,6/4/2025,NW,371,MES,65.78,21,5.1,4.5,2
US-SRG,6/4/2025,NW,371,,,,5,,
US-SRG,6/4/2025,NW,372,CHO,64.95,3,0.6,0.85,1
US-SRG,6/4/2025,NW,372,,,,0.5,,
US-SRG,6/4/2025,NW,373,MES,74.92,2.1,1.2,1,2
US-SRG,6/4/2025,NW,373,,,,1.2,,
US-SRG,6/4/2025,NW,374,MES,75.49,22,4.8,4.1,2
US-SRG,6/4/2025,NW,374,,,,4.2,,
US-SRG,6/4/2025,NW,375,MES,77.35,11,2,3.1,1
US-SRG,6/4/2025,NW,375,,,,2.9,,
US-SRG,6/4/2025,NW,376,MES,79.61,27,2.5,3.9,1
US-SRG,6/4/2025,NW,376,,,,6,,
US-SRG,6/4/2025,NW,377,MES,78.45,17,5,5.3,2
US-SRG,6/4/2025,NW,377,,,,4.8,,
US-SRG,6/4/2025,NW,378,BAR,79.38,45,0.4,0.4,1
US-SRG,6/4/2025,NW,378,,,,0.4,,
US-SRG,6/4/2025,NW,379,MES,75.88,27,5.3,4.9,1
US-SRG,6/4/2025,NW,379,,,,6.8,,
US-SRG,6/4/2025,NW,380,MES,82.07,6,2,2.6,6
US-SRG,6/4/2025,NW,380,,,,3,,
US-SRG,6/4/2025,NW,381,MES,80.44,3.9,2.4,2.8,4
US-SRG,6/4/2025,NW,381,,,,2.7,,
US-SRG,6/4/2025,NW,382,MES,84.28,4,3,2.7,10
US-SRG,6/4/2025,NW,382,,,,2.8,,
US-SRG,6/4/2025,NW,383,MES,85,7.2,3.2,3.3,8
US-SRG,6/4/2025,NW,383,,,,3,,
US-SRG,6/4/2025,NW,384,CHO,84.97,2.5,0.3,0.6,1
US-SRG,6/4/2025,NW,384,,,,0.2,,
US-SRG,6/4/2025,NW,385,BRTB,86.78,0.4,0.7,0.5,
US-SRG,6/4/2025,NW,385,,,,0.7,,
US-SRG,6/4/2025,NW,386,CHAC,92.55,2.8,2.3,2.6,6
US-SRG,6/4/2025,NW,386,,,,2.1,,
US-SRG,6/4/2025,NW,387,MES,97.1,3.5,1.8,2.3,3
US-SRG,6/4/2025,NW,387,,,,2,,
US-SRG,6/4/2025,NW,388,MES,99.17,2.9,2.9,2.3,2
US-SRG,6/4/2025,NW,388,,,,2.8,,
US-SRG,6/4/2025,NW,389,MES,16.42,36,4,6.1,1
US-SRG,6/4/2025,NW,389,,,,6.5,,
US-SRG,6/4/2025,NW,390,GTN,16.32,5.5,3,3.8,100
US-SRG,6/4/2025,NW,390,,,,3.6,,
US-SRG,6/4/2025,NW,391,CHAC,23.73,0.3,0.5,0.5,10
US-SRG,6/4/2025,NW,391,,,,0.3,,
US-SRG,6/4/2025,NW,392,CHO,26.38,0.25,0.8,0.3,2
US-SRG,6/4/2025,NW,392,,,,0.36,,
US-SRG,6/4/2025,NW,393,MES,44.52,4.6,3.5,2.9,6
US-SRG,6/4/2025,NW,393,,,,3.2,,
US-SRG,6/4/2025,NW,394,MES,49.63,4.5,1.9,2.3,5
US-SRG,6/4/2025,NW,394,,,,2,,
US-SRG,6/4/2025,NW,395,BRTB,41.58,0.6,0.6,0.6,
US-SRG,6/4/2025,NW,395,,,,0.4,,
US-SRG,6/4/2025,NW,396,MES,50.21,2.6,1.8,2.2,4
US-SRG,6/4/2025,NW,396,,,,2,,
US-SRG,6/4/2025,NW,397,MES,54.48,8,3.8,3,5
US-SRG,6/4/2025,NW,397,,,,4.2,,
US-SRG,6/4/2025,NW,398,CHO,57.8,5,0.7,0.9,1
US-SRG,6/4/2025,NW,398,,,,0.3,,
US-SRG,6/4/2025,NW,399,MES,63.19,23,4.5,4.6,1
US-SRG,6/4/2025,NW,399,,,,3.8,,
US-SRG,6/4/2025,NW,400,MES,64.8,3.9,2,1.9,2
US-SRG,6/4/2025,NW,401,,,,1.9,,
US-SRG,6/4/2025,NW,401,CHO,76.7,3,0.6,1,4
US-SRG,6/4/2025,NW,402,,,,0.5,,
US-SRG,6/4/2025,NW,402,MES,79.28,24,5,4.9,2
US-SRG,6/4/2025,NW,403,,,,4.2,,
US-SRG,6/4/2025,NW,403,MES,90.78,4.3,2.9,1.9,6
US-SRG,6/4/2025,NW,404,,,,2.8,,
US-SRG,6/4/2025,NW,405,MES,92.54,6.3,3.1,3.2,5
US-SRG,6/4/2025,NW,405,,,,3.3,,
US-SRG,6/4/2025,NW,406,MES,98.48,2.9,2,1.4,2
US-SRG,6/4/2025,NW,406,,,,1.7,,
US-SRG,6/4/2025,NW,407,MES,100,4.4,2,1.5,3
US-SRG,6/4/2025,NW,407,,,,2,,
US-SRG,6/4/2025,NW,408,MES,13.72,22,1.3,1,2
US-SRG,6/4/2025,NW,408,,,,1,,
US-SRG,6/4/2025,NW,409,CHO,35,4,1,0.85,3
US-SRG,6/4/2025,NW,409,,,,1.5,,
US-SRG,6/4/2025,NW,410,MES,37.1,3.4,2.8,3.8,6
US-SRG,6/4/2025,NW,410,,,,3,,
US-SRG,6/4/2025,NW,411,MES,40.93,4.9,2.8,3.4,7
US-SRG,6/4/2025,NW,411,,,,3,,
US-SRG,6/4/2025,NW,412,MES,43.72,1.6,1.3,1.3,4
US-SRG,6/4/2025,NW,412,,,,0.8,,
US-SRG,6/4/2025,NW,413,MES,46.95,3,1.1,1.7,3
US-SRG,6/4/2025,NW,413,,,,1,,
US-SRG,6/4/2025,NW,414,CHO,48.25,3.5,0.29,0.42,2
US-SRG,6/4/2025,NW,414,,,,0.22,,
US-SRG,6/4/2025,NW,415,MES,49.63,3.5,3.4,3.1,9
US-SRG,6/4/2025,NW,415,,,,5,,
US-SRG,6/4/2025,NW,416,CHO,49.05,2,0.5,0.66,1
US-SRG,6/4/2025,NW,416,,,,0.5,,
US-SRG,6/4/2025,NW,417,MES,61.66,17,3.8,3.8,1
US-SRG,6/4/2025,NW,417,,,,5,,
US-SRG,6/4/2025,NW,418,CHO,60.34,4.5,0.56,1.2,1
US-SRG,6/4/2025,NW,418,,,,0.56,,
US-SRG,6/4/2025,NW,419,MES,62.97,0.23,4.7,4.6,1
US-SRG,6/4/2025,NW,419,,,,5,,
US-SRG,6/4/2025,NW,420,CHAC,64.4,9.5,2.3,3.2,11
US-SRG,6/4/2025,NW,420,,,,4,,
US-SRG,6/4/2025,NW,421,CHAC,64.6,6,3,2.9,11
US-SRG,6/4/2025,NW,421,,,,2.5,,
US-SRG,6/4/2025,NW,422,MES,80.68,4.2,2.8,2.9,5
US-SRG,6/4/2025,NW,422,,,,3,,
US-SRG,6/4/2025,NW,423,MES,73.1,2.7,2.8,2.1,5
US-SRG,6/4/2025,NW,423,,,,2.5,,
US-SRG,6/4/2025,NW,424,MES,72.64,4.8,1.8,2.9,3
US-SRG,6/4/2025,NW,424,,,,,,
US-SRG,6/4/2025,NW,425,MES,71.22,8.3,4.3,4.1,1
US-SRG,6/4/2025,NW,425,,,,5,,
US-SRG,6/4/2025,NW,426,MES,78.13,3.9,1.8,1.7,3
US-SRG,6/4/2025,NW,426,,,,1.8,,
US-SRG,6/4/2025,NW,427,MES,79.21,9.9,4,4.6,1
US-SRG,6/4/2025,NW,427,,,,6,,
US-SRG,6/4/2025,NW,428,MES,80.61,1.8,5,1.3,2
US-SRG,6/4/2025,NW,428,,,,1,,
US-SRG,6/4/2025,NW,429,MES,81.2,1.5,0.6,0.7,2
US-SRG,6/4/2025,NW,429,,,,0.6,,
US-SRG,6/4/2025,NW,430,MES,81.17,1.4,1,0.7,1
US-SRG,6/4/2025,NW,430,,,,0.9,,
US-SRG,6/4/2025,NW,431,MES,80.5,2.6,1,1.6,1
US-SRG,6/4/2025,NW,431,,,,0.9,,
US-SRG,6/4/2025,NW,432,MES,82.63,3.4,2.8,2.4,6
US-SRG,6/4/2025,NW,432,,,,3,,
US-SRG,6/4/2025,NW,433,MES,90.88,4.2,2.2,2.9,4
US-SRG,6/4/2025,NW,433,,,,3,,
US-SRG,6/4/2025,NW,434,MES,91.2,8.5,3,3.7,7
US-SRG,6/4/2025,NW,434,,,,3.8,,
US-SRG,6/4/2025,NW,435,MES,91.62,3.9,1.8,2.2,4
US-SRG,6/4/2025,NW,435,,,,2.3,,
US-SRG,6/4/2025,NW,436,CHO,84.22,20,0.3,0.7,1
US-SRG,6/4/2025,NW,436,,,,0.45,,
US-SRG,6/4/2025,NW,437,MES,85.58,1.1,0.3,0.5,1
US-SRG,6/4/2025,NW,437,,,,0.4,,
US-SRG,6/4/2025,NW,438,HYSL,81.75,0.4,0.7,1.2,
US-SRG,6/4/2025,NW,438,,,,0.7,,
US-SRG,6/4/2025,NW,439,MES,96.23,8.5,3,2.8,5
US-SRG,6/4/2025,NW,439,,,,3.5,,
US-SRG,6/4/2025,NW,440,CHAC,90.34,2.5,1.8,1.1,3
US-SRG,6/4/2025,NW,440,,,,1.8,,
US-SRG,6/4/2025,NW,441,CHAC,91.92,1.7,0.9,1.2,1
US-SRG,6/4/2025,NW,441,,,,1,,
US-SRG,6/4/2025,NW,442,CHO,89.34,4,0.7,1.2,1
US-SRG,6/4/2025,NW,442,,,,0.6,,
US-SRG,6/4/2025,NW,443,MES,86.26,20,3.8,4.2,2
US-SRG,6/4/2025,NW,443,,,,3.9,,
US-SRG,6/4/2025,NW,444,MES,84.57,12,3.2,3.7,1
US-SRG,6/4/2025,NW,444,,,,2.4,,
US-SRG,6/4/2025,NW,445,MES,83.79,16.5,2,3.7,1
US-SRG,6/4/2025,NW,445,,,,3,,
US-SRG,6/4/2025,NW,446,HYSL,83.84,0.5,0.4,0.5,
US-SRG,6/4/2025,NW,446,,,,0.4,,
US-SRG,6/4/2025,NW,447,MES,4.4,19,3.3,3.8,7
US-SRG,6/4/2025,NW,447,,,,4,,
US-SRG,6/4/2025,NW,448,CHO,5.35,28,0.45,0.7,1
US-SRG,6/4/2025,NW,448,,,,0.4,,
US-SRG,6/4/2025,NW,449,MES,9.07,3.6,3.2,3.3,5
US-SRG,6/4/2025,NW,449,,,,3.8,,
US-SRG,6/4/2025,NW,450,MES,18.62,5.6,3.5,3.4,5
US-SRG,6/4/2025,NW,450,,,,3,,
US-SRG,6/4/2025,NW,451,CHAC,30.58,0.9,0.6,0.5,
US-SRG,6/4/2025,NW,451,,,,0.4,,
US-SRG,6/4/2025,NW,452,MES,32.06,3.3,1.8,2.4,6
US-SRG,6/4/2025,NW,452,,,,2.5,,
US-SRG,6/4/2025,NW,453,MES,34.48,4.7,2.9,2.8,6
US-SRG,6/4/2025,NW,453,,,,2.8,,
US-SRG,6/4/2025,NW,454,MES,38.58,20,4,3.2,2
US-SRG,6/4/2025,NW,454,,,,2,,
US-SRG,6/4/2025,NW,455,MES,64.09,16,3,4.6,1
US-SRG,6/4/2025,NW,455,,,,4.7,,
US-SRG,6/4/2025,NW,456,MES,34.1,21,4,5.3,1
US-SRG,6/4/2025,NW,456,,,,3.5,,
US-SRG,6/4/2025,NW,457,CHO,34.88,2.7,0.7,1,2
US-SRG,6/4/2025,NW,457,,,,0.5,,
US-SRG,6/4/2025,NW,458,CHO,42.25,2.3,0.4,0.7,1
US-SRG,6/4/2025,NW,458,,,,0.4,,
US-SRG,6/4/2025,NW,459,MES,47.46,25,5,4,1
US-SRG,6/4/2025,NW,459,,,,4.2,,
US-SRG,6/4/2025,NW,460,MES,44.38,15,3.5,4.5,5
US-SRG,6/4/2025,NW,460,,,,3.9,,
US-SRG,6/4/2025,NW,461,MES,45.72,2.9,2.6,3.1,6
US-SRG,6/4/2025,NW,461,,,,2.9,,
US-SRG,6/4/2025,NW,462,MES,60.88,5.3,4.8,3.8,7
US-SRG,6/4/2025,NW,462,,,,4,,
US-SRG,6/4/2025,NW,463,MES,69.73,5.3,3.8,3.6,4
US-SRG,6/4/2025,NW,463,,,,5,,
US-SRG,6/4/2025,NW,464,CHO,57.16,3.4,0.7,1,1
US-SRG,6/4/2025,NW,464,,,,0.5,,
US-SRG,6/4/2025,NW,465,MES,69.69,13.5,4.2,3.8,3
US-SRG,6/4/2025,NW,465,,,,4,,
US-SRG,6/4/2025,NW,466,MES,74.65,3.9,2.1,2.2,4
US-SRG,6/4/2025,NW,466,,,,2,,
US-SRG,6/4/2025,NW,467,MES,77.87,10.5,4.8,4.1,3
US-SRG,6/4/2025,NW,467,,,,4.1,,
US-SRG,6/4/2025,NW,468,MES,72.14,23,3.5,3.8,2
US-SRG,6/4/2025,NW,468,,,,4.8,,
US-SRG,6/4/2025,NW,469,OPT,77.48,,0.5,0.3,
US-SRG,6/4/2025,NW,469,,,,0.4,,
US-SRG,6/4/2025,NW,470,UNK,71.1,0.6,0.7,0.7,
US-SRG,6/4/2025,NW,470,,,,0.5,,
US-SRG,6/4/2025,NW,471,MES,75.46,3.1,1.9,1.7,2
US-SRG,6/4/2025,NW,471,,,,1.9,,
US-SRG,6/4/2025,NW,472,MES,81.77,21,3,3.2,1
US-SRG,6/4/2025,NW,472,,,,4.8,,
US-SRG,6/4/2025,NW,473,MES,82.24,7.1,2.9,3.8,3
US-SRG,6/4/2025,NW,473,,,,2,,
US-SRG,6/4/2025,NW,474,MES,82.52,3.2,1.5,2.2,3
US-SRG,6/4/2025,NW,474,,,,2.3,,
US-SRG,6/4/2025,NW,475,MES,85.91,3.8,2.3,2.4,5
US-SRG,6/4/2025,NW,475,,,,1.3,,
US-SRG,6/4/2025,NW,476,MES,85.47,14,4,3.5,4
US-SRG,6/4/2025,NW,476,,,,4.3,,
US-SRG,6/4/2025,NW,477,MES,83.5,2.5,1,1.6,3
US-SRG,6/4/2025,NW,477,,,,1.1,,
US-SRG,6/4/2025,NW,478,MES,86.22,2.5,1.1,2.2,5
US-SRG,6/4/2025,NW,478,,,,2,,
US-SRG,6/4/2025,NW,479,MES,87.58,2.8,2.2,2.5,4
US-SRG,6/4/2025,NW,479,,,,3.1,,
US-SRG,6/4/2025,NW,480,MES,90.95,40,4,4.1,1
US-SRG,6/4/2025,NW,480,,,,5,,
US-SRG,6/4/2025,NW,481,MES,95.32,2.6,1.8,1.6,4
US-SRG,6/4/2025,NW,481,,,,1.5,,
US-SRG,6/4/2025,NW,482,MES,85.42,18,3,3.2,2
US-SRG,6/4/2025,NW,482,,,,3.9,,
US-SRG,6/4/2025,NW,483,MES,91.21,22,4.2,4.2,1
US-SRG,6/4/2025,NW,483,,,,4,,
US-SRG,6/4/2025,NW,484,MES,92.25,3.6,2.8,2.2,7
US-SRG,6/4/2025,NW,484,,,,2.8,,
US-SRG,6/4/2025,NW,485,MES,94.31,4,2.3,2.7,5
US-SRG,6/4/2025,NW,485,,,,2,,
US-SRG,6/4/2025,NW,486,MES,99.32,24,4,4.7,1
US-SRG,6/4/2025,NW,486,,,,3.5,,
US-SRG,6/4/2025,NW,487,MES,99.42,21,5,5.1,1
US-SRG,6/4/2025,NW,487,,,,6,,
US-SRG,6/4/2025,NW,488,MES,94.76,3.6,2.5,1.3,4
US-SRG,6/4/2025,NW,488,,,,2,,
US-SRG,6/4/2025,NW,489,MES,95.55,2.2,1.6,1.6,4
US-SRG,6/4/2025,NW,489,,,,1.3,,
US-SRG,6/4/2025,SE,490,MES,3.73,3.6,2.1,3.1,7
US-SRG,6/4/2025,SE,490,,,,2.4,,
US-SRG,6/4/2025,SE,491,MES,12.83,51,4.8,5.2,1
US-SRG,6/4/2025,SE,491,,,,5.1,,
US-SRG,6/4/2025,SE,492,MES,15.57,21,5.2,4.7,1
US-SRG,6/4/2025,SE,492,,,,5.5,,
US-SRG,6/4/2025,SE,493,MES,27.78,1.5,2.4,2.5,6
US-SRG,6/4/2025,SE,493,,,,1.5,,
US-SRG,6/4/2025,SE,494,MES,30.89,5.5,4.2,2.9,6
US-SRG,6/4/2025,SE,494,,,,3,,
US-SRG,6/4/2025,SE,495,MES,28.38,1.2,2.1,2.2,4
US-SRG,6/4/2025,SE,495,,,,2.1,,
US-SRG,6/4/2025,SE,496,MES,26.6,3.7,2.8,2.4,6
US-SRG,6/4/2025,SE,496,,,,1.8,,
US-SRG,6/4/2025,SE,497,MES,26.4,3.1,1.9,3.4,3
US-SRG,6/4/2025,SE,497,,,,2.3,,
US-SRG,6/4/2025,SE,498,MES,27.6,2.1,2.1,3.2,4
US-SRG,6/4/2025,SE,498,,,,2,,
US-SRG,6/4/2025,SE,499,MES,35.9,4.6,2.4,2.7,3
US-SRG,6/4/2025,SE,499,,,,2,,
US-SRG,6/4/2025,SE,500,CHAC,35.85,2.8,2,2.8,5
US-SRG,6/4/2025,SE,500,,,,2.1,,
US-SRG,6/4/2025,SE,501,CHO,35.08,2,0.5,0.7,2
US-SRG,6/4/2025,SE,501,,,,0.4,,
US-SRG,6/4/2025,SE,502,MES,46.48,6.3,2.7,2.6,3
US-SRG,6/4/2025,SE,502,,,,2.2,,
US-SRG,6/4/2025,SE,503,CHO,47.4,3,0.4,0.8,1
US-SRG,6/4/2025,SE,503,,,,0.3,,
US-SRG,6/4/2025,SE,504,MES,43.68,20,4.8,5,2
US-SRG,6/4/2025,SE,504,,,,4.9,,
US-SRG,6/4/2025,SE,505,MES,47.05,3,1.8,2.8,5
US-SRG,6/4/2025,SE,505,,,,2.2,,
US-SRG,6/4/2025,SE,506,MES,49.97,21,5.5,5.6,1
US-SRG,6/4/2025,SE,506,,,,5.8,,
US-SRG,6/4/2025,SE,507,MES,53.59,38,8.9,7.2,1
US-SRG,6/4/2025,SE,507,,,,10.5,,
US-SRG,6/4/2025,SE,508,GTN,53.59,4.1,1.3,2.9,9
US-SRG,6/4/2025,SE,508,,,,1,,
US-SRG,6/4/2025,SE,509,MES,62.84,4.2,3,4,5
US-SRG,6/4/2025,SE,509,,,,3.3,,
US-SRG,6/4/2025,SE,510,MES,63.6,4.7,2.8,2.9,3
US-SRG,6/4/2025,SE,510,,,,2.9,,
US-SRG,6/4/2025,SE,511,MES,71.25,3.8,3,2.2,5
US-SRG,6/4/2025,SE,511,,,,4,,
US-SRG,6/4/2025,SE,512,CHO,69.41,3,0.35,0.8,1
US-SRG,6/4/2025,SE,512,,,,0.2,,
US-SRG,6/4/2025,SE,513,MES,74.31,18,4.4,3.9,1
US-SRG,6/4/2025,SE,513,,,,4,,
US-SRG,6/4/2025,SE,514,MES,76.05,27,3,3.9,1
US-SRG,6/4/2025,SE,514,,,,3.2,,
US-SRG,6/4/2025,SE,515,MES,79.51,12,3,3.9,1
US-SRG,6/4/2025,SE,515,,,,4.2,,
US-SRG,6/4/2025,SE,516,MES,79.1,19,5.8,4.5,1
US-SRG,6/4/2025,SE,516,,,,5,,
US-SRG,6/4/2025,SE,517,MES,75.09,1.8,0.9,0.8,3
US-SRG,6/4/2025,SE,517,,,,1.1,,
US-SRG,6/4/2025,SE,518,MES,83.96,22,5.1,5.3,1
US-SRG,6/4/2025,SE,518,,,,4,,
US-SRG,6/4/2025,SE,519,MES,91.3,3.1,3.7,3.3,3
US-SRG,6/4/2025,SE,519,,,,3.2,,
US-SRG,6/4/2025,SE,520,UNK,82.3,0.4,0.7,0.6,
US-SRG,6/4/2025,SE,520,,,,0.3,,
US-SRG,6/4/2025,SE,521,MES,97.11,8,3.1,3.3,3
US-SRG,6/4/2025,SE,521,,,,4.9,,
US-SRG,6/4/2025,SE,522,CHO,100,3,0.3,0.4,1
US-SRG,6/4/2025,SE,522,,,,0.35,,
US-SRG,6/4/2025,SE,523,MES,96.37,1.3,0.9,1.3,2
US-SRG,6/4/2025,SE,523,,,,0.8,,
US-SRG,6/4/2025,SE,524,MES,97.73,2.2,1.1,1.6,2
US-SRG,6/4/2025,SE,524,,,,1,,
US-SRG,6/4/2025,SE,525,MES,98.16,2.7,0.8,1.4,1
US-SRG,6/4/2025,SE,525,,,,1.3,,
US-SRG,6/4/2025,SE,526,MES,8.3,1.5,2.2,1.6,2
US-SRG,6/4/2025,SE,526,,,,1.8,,
US-SRG,6/4/2025,SE,527,CHO,10.48,0.5,0.5,0.2,1
US-SRG,6/4/2025,SE,527,,,,0.1,,
US-SRG,6/4/2025,SE,528,CHO,12.01,0.5,0.2,0.25,2
US-SRG,6/4/2025,SE,528,,,,0.1,,
US-SRG,6/4/2025,SE,529,CHO,16.97,2,0.4,0.9,1
US-SRG,6/4/2025,SE,529,,,,0.5,,
US-SRG,6/4/2025,SE,530,MES,28.95,6,3,3,5
US-SRG,6/4/2025,SE,530,,,,3,,
US-SRG,6/4/2025,SE,531,MES,31.45,5.1,3,2.8,4
US-SRG,6/4/2025,SE,531,,,,2.2,,
US-SRG,6/4/2025,SE,532,MES,30.61,3,2.3,2.3,4
US-SRG,6/4/2025,SE,532,,,,2.4,,
US-SRG,6/4/2025,SE,533,MES,65.05,4,2.8,3.1,4
US-SRG,6/4/2025,SE,533,,,,2.5,,
US-SRG,6/4/2025,SE,534,MES,35.34,4,3,3.1,2
US-SRG,6/4/2025,SE,534,,,,3.4,,
US-SRG,6/4/2025,SE,535,CHO,43.45,2,0.6,0.8,2
US-SRG,6/4/2025,SE,535,,,,0.5,,
US-SRG,6/4/2025,SE,536,MES,50.59,4.6,2.1,2.6,2
US-SRG,6/4/2025,SE,536,,,,2,,
US-SRG,6/4/2025,SE,537,MES,55.55,1.5,1,0.75,1
US-SRG,6/4/2025,SE,537,,,,0.8,,
US-SRG,6/4/2025,SE,538,MES,54.94,3,2.8,2.6,4
US-SRG,6/4/2025,SE,538,,,,2.2,,
US-SRG,6/4/2025,SE,539,YUC,55.33,,1.3,1.2,
US-SRG,6/4/2025,SE,539,,,,1.4,,
US-SRG,6/4/2025,SE,540,MES,60.61,2,1.9,2.9,3
US-SRG,6/4/2025,SE,540,,,,2.5,,
US-SRG,6/4/2025,SE,541,MES,58.8,3.4,3.8,4,2
US-SRG,6/4/2025,SE,541,,,,2.9,,
US-SRG,6/4/2025,SE,542,MES,62.78,5,3.3,4.1,3
US-SRG,6/4/2025,SE,542,,,,4.2,,
US-SRG,6/4/2025,SE,543,MES,63.83,2.6,0.8,1.3,2
US-SRG,6/4/2025,SE,543,,,,1,,
US-SRG,6/4/2025,SE,544,MES,65,8.1,3,2.3,3
US-SRG,6/4/2025,SE,544,,,,2.4,,
US-SRG,6/4/2025,SE,545,BRTB,58.42,0.5,0.5,0.45,
US-SRG,6/4/2025,SE,545,,,,0.3,,
US-SRG,6/4/2025,SE,546,BRTB,58.42,0.6,0.1,0.6,
US-SRG,6/4/2025,SE,546,,,,0.1,,
US-SRG,6/4/2025,SE,547,MES,69.49,2.1,1,1.3,1
US-SRG,6/4/2025,SE,547,,,,1.1,,
US-SRG,6/4/2025,SE,548,MES,71.9,2.7,1.5,1.8,3
US-SRG,6/4/2025,SE,548,,,,2.2,,
US-SRG,6/4/2025,SE,549,MES,74.33,6.1,2.8,3.1,4
US-SRG,6/4/2025,SE,549,,,,3,,
US-SRG,6/4/2025,SE,550,MES,80.74,8,2,3.1,2
US-SRG,6/4/2025,SE,550,,,,3.1,,
US-SRG,6/4/2025,SE,551,MES,84.86,2.1,1,1.3,2
US-SRG,6/4/2025,SE,551,,,,0.9,,
US-SRG,6/4/2025,SE,552,MES,91,6,2.4,2.5,2
US-SRG,6/4/2025,SE,552,,,,3,,
US-SRG,6/4/2025,SE,553,MES,90.36,3.2,1.8,1.8,1
US-SRG,6/4/2025,SE,553,,,,1.3,,
US-SRG,6/4/2025,SE,554,MES,92.45,3,3,3.8,3
US-SRG,6/4/2025,SE,554,,,,3,,
US-SRG,6/4/2025,SE,555,CHAC,92.1,1.9,1.2,1.7,
US-SRG,6/4/2025,SE,555,,,,1.2,,
US-SRG,6/4/2025,SE,557,MES,93.97,5.5,4.8,4.2,6
US-SRG,6/4/2025,SE,557,,,,4.1,,
US-SRG,6/4/2025,SE,558,CHO,20.34,0.2,0.6,1,2
US-SRG,6/4/2025,SE,558,,,,0.4,,
US-SRG,6/4/2025,SE,559,MES,23.93,9,4,2.6,2
US-SRG,6/4/2025,SE,559,,,,2.3,,
US-SRG,6/4/2025,SE,560,MES,25.6,5.5,2,2.8,1
US-SRG,6/4/2025,SE,560,,,,1.8,,
US-SRG,6/4/2025,SE,561,MES,29.3,15,1.9,2.7,1
US-SRG,6/4/2025,SE,561,,,,2.6,,
US-SRG,6/4/2025,SE,562,MES,32.51,6,1.7,2.5,2
US-SRG,6/4/2025,SE,562,,,,1.3,,
US-SRG,6/4/2025,SE,563,MES,30.9,4,1.2,1.7,2
US-SRG,6/4/2025,SE,563,,,,1.1,,
US-SRG,6/4/2025,SE,564,MES,35.59,3,2.3,2.1,5
US-SRG,6/4/2025,SE,564,,,,2.8,,
US-SRG,6/4/2025,SE,565,CHO,43.7,2,0.6,1,3
US-SRG,6/4/2025,SE,565,,,,0.6,,
US-SRG,6/4/2025,SE,566,MES,43.78,6,1.2,1.3,1
US-SRG,6/4/2025,SE,566,,,,1.4,,
US-SRG,6/4/2025,SE,567,OPT,43.99,,0.3,0.3,
US-SRG,6/4/2025,SE,567,,,,0.4,,
US-SRG,6/4/2025,SE,568,MES,47.14,4,1.3,1.4,1
US-SRG,6/4/2025,SE,568,,,,1.1,,
US-SRG,6/4/2025,SE,569,MES,49.99,6,3.1,2.9,4
US-SRG,6/4/2025,SE,569,,,,3.6,,
US-SRG,6/4/2025,SE,570,MES,51.18,5,2.6,3.5,3
US-SRG,6/4/2025,SE,570,,,,2.9,,
US-SRG,6/4/2025,SE,571,MES,57.13,33,5.8,4.3,1
US-SRG,6/4/2025,SE,571,,,,4.6,,
US-SRG,6/4/2025,SE,572,CHO,61.7,2,0.7,0.8,1
US-SRG,6/4/2025,SE,572,,,,0.6,,
US-SRG,6/4/2025,SE,573,CHO,62.29,2,0.3,0.35,3
US-SRG,6/4/2025,SE,573,,,,0.3,,
US-SRG,6/4/2025,SE,574,MES,60.05,6,3.1,2.6,3
US-SRG,6/4/2025,SE,574,,,,3.9,,
US-SRG,6/4/2025,SE,575,MES,61.95,5,3.2,3,4
US-SRG,6/4/2025,SE,575,,,,3.2,,
US-SRG,6/4/2025,SE,576,MES,69.45,3,3.2,2.5,6
US-SRG,6/4/2025,SE,576,,,,3.8,,
US-SRG,6/4/2025,SE,577,MES,69.45,8,3.7,3.1,3
US-SRG,6/4/2025,SE,577,,,,3.7,,
US-SRG,6/4/2025,SE,578,MES,70.93,11,3.9,3.2,2
US-SRG,6/4/2025,SE,578,,,,2.9,,
US-SRG,6/4/2025,SE,579,MES,67.41,3,1.5,4.3,2
US-SRG,6/4/2025,SE,579,,,,1.2,,
US-SRG,6/4/2025,SE,580,MES,76.49,1.2,1.1,0.8,3
US-SRG,6/4/2025,SE,580,,,,0.4,,
US-SRG,6/4/2025,SE,581,MES,79.98,11,4,2.8,2
US-SRG,6/4/2025,SE,581,,,,4,,
US-SRG,6/4/2025,SE,582,MES,76.21,4,3,3.2,3
US-SRG,6/4/2025,SE,582,,,,2.8,,
US-SRG,6/4/2025,SE,583,MES,78.32,6,3.2,3.7,4
US-SRG,6/4/2025,SE,583,,,,3.2,,
US-SRG,6/4/2025,SE,584,MES,78.15,5,1.8,1.6,2
US-SRG,6/4/2025,SE,584,,,,1,,
US-SRG,6/4/2025,SE,585,MES,80.85,8,4.2,3.8,6
US-SRG,6/4/2025,SE,585,,,,4.8,,
US-SRG,6/4/2025,SE,586,MES,87.29,1.4,1.1,1.9,2
US-SRG,6/4/2025,SE,586,,,,1,,
US-SRG,6/4/2025,SE,587,UNK,78.35,0.6,0.9,1.1,
US-SRG,6/4/2025,SE,587,,,,0.6,,
US-SRG,6/4/2025,SE,588,BRTB,83.47,1,0.7,0.5,
US-SRG,6/4/2025,SE,588,,,,0.8,,
US-SRG,6/4/2025,SE,589,MES,85.61,5.9,3.9,3.6,5
US-SRG,6/4/2025,SE,589,,,,3.2,,
US-SRG,6/4/2025,SE,590,MES,82.05,3.5,3.2,3,6
US-SRG,6/4/2025,SE,590,,,,2.7,,
US-SRG,6/4/2025,SE,591,MES,80.5,6.3,2.8,2.6,2
US-SRG,6/4/2025,SE,591,,,,2.8,,
US-SRG,6/4/2025,SE,592,MES,83.87,8,1.3,1.5,2
US-SRG,6/4/2025,SE,592,,,,1.1,,
US-SRG,6/4/2025,SE,593,MES,84.41,0.8,0.9,0.4,3
US-SRG,6/4/2025,SE,593,,,,0.3,,
US-SRG,6/4/2025,SE,594,MES,85.53,1.2,0.5,0.8,2
US-SRG,6/4/2025,SE,594,,,,0.6,,
US-SRG,6/4/2025,SE,595,MES,87.78,3.6,5,,6
US-SRG,6/4/2025,SE,595,,,,4.8,,
US-SRG,6/4/2025,SE,596,MES,87.78,11,4.2,,4
US-SRG,6/4/2025,SE,596,,,,5,,
US-SRG,6/4/2025,SE,597,MES,96.47,1.3,0.8,1,2
US-SRG,6/4/2025,SE,597,,,,1.1,,
US-SRG,6/4/2025,SE,598,MES,92.42,1.4,1.1,1.2,2
US-SRG,6/4/2025,SE,598,,,,0.8,,
US-SRG,6/4/2025,SE,599,MES,95.09,3.9,1.6,1.7,2
US-SRG,6/4/2025,SE,599,,,,1.1,,
US-SRG,6/4/2025,SE,600,MES,93.25,1.2,1,0.9,2
US-SRG,6/4/2025,SE,600,,,,1.1,,
US-SRG,6/4/2025,SE,601,CHO,89.48,2,0.4,0.6,2
US-SRG,6/4/2025,SE,601,,,,0.3,,
US-SRG,6/4/2025,SE,602,CHAC,88.38,1.4,1.3,0.9,
US-SRG,6/4/2025,SE,602,,,,1,,
US-SRG,6/4/2025,SE,603,MES,96.33,8,2.1,3.1,3
US-SRG,6/4/2025,SE,603,,,,1.9,,
US-SRG,6/4/2025,SE,604,MES,96.05,1.8,1.5,1.2,2
US-SRG,6/4/2025,SE,604,,,,1.3,,
US-SRG,6/4/2025,SE,605,CHAC,93.25,1,1,0.8,
US-SRG,6/4/2025,SE,605,,,,1.1,,
US-SRG,6/4/2025,SE,606,MES,89.15,10,3.1,3.4,5
US-SRG,6/4/2025,SE,606,,,,3.9,,
US-SRG,6/4/2025,SE,607,MES,89.95,1.3,1.2,0.8,3
US-SRG,6/4/2025,SE,607,,,,0.7,,
US-SRG,6/4/2025,SE,608,MES,88.89,0.9,1.4,1.9,3
US-SRG,6/4/2025,SE,608,,,,0.8,,
US-SRG,6/4/2025,SE,609,MES,88.9,3.5,1.1,1.7,1
US-SRG,6/4/2025,SE,609,,,,1,,
US-SRG,6/4/2025,SE,610,MES,96.25,11,2.9,3.3,2
US-SRG,6/4/2025,SE,610,,,,2.1,,
US-SRG,6/7/2025,SE,611,MES,17.31,3.7,3.2,2.4,4
US-SRG,6/7/2025,SE,611,,,,2.8,,
US-SRG,6/7/2025,SE,612,MES,39.56,38.4,7.1,5.9,1
US-SRG,6/7/2025,SE,612,,,,8.1,,
US-SRG,6/7/2025,SE,613,SALIX,41.85,11.8,1.5,4.2,1
US-SRG,6/7/2025,SE,613,,,,2.2,,
US-SRG,6/7/2025,SE,614,SALIX,43.6,3,2.8,2.7,6
US-SRG,6/7/2025,SE,614,,,,2.2,,
US-SRG,6/7/2025,SE,615,MES,44.53,3.8,2.4,2.7,3
US-SRG,6/7/2025,SE,615,,,,1.5,,
US-SRG,6/7/2025,SE,616,MES,45.39,3.4,2.2,2,4
US-SRG,6/7/2025,SE,616,,,,1.8,,
US-SRG,6/7/2025,SE,617,GTN,47.25,2.5,1.9,1.3,15
US-SRG,6/7/2025,SE,617,,,,2.2,,
US-SRG,6/7/2025,SE,618,MES,47.92,1.7,1,0.9,2
US-SRG,6/7/2025,SE,618,,,,1.3,,
US-SRG,6/7/2025,SE,619,MES,50.3,2.2,1.2,1.3,2
US-SRG,6/7/2025,SE,619,,,,1.8,,
US-SRG,6/7/2025,SE,620,MES,50.82,3.2,2.1,1.6,2
US-SRG,6/7/2025,SE,620,,,,2,,
US-SRG,6/7/2025,SE,621,MES,50.61,4,2.1,2.5,4
US-SRG,6/7/2025,SE,621,,,,2.5,,
US-SRG,6/7/2025,SE,622,MES,53.1,10.5,3.8,3.1,2
US-SRG,6/7/2025,SE,622,,,,4.2,,
US-SRG,6/7/2025,SE,623,MES,53.49,3.4,1.9,1.6,2
US-SRG,6/7/2025,SE,623,,,,2,,
US-SRG,6/7/2025,SE,624,MES,55.63,1.8,1,1.6,1
US-SRG,6/7/2025,SE,624,,,,1.3,,
US-SRG,6/7/2025,SE,625,MES,54.91,2.2,1,1.6,2
US-SRG,6/7/2025,SE,625,,,,1.1,,
US-SRG,6/7/2025,SE,626,HAC,54.76,4,3,3.9,1
US-SRG,6/7/2025,SE,626,,,,6,,
US-SRG,6/7/2025,SE,627,MES,53.93,2.9,1.1,1.8,1
US-SRG,6/7/2025,SE,627,,,,2,,
US-SRG,6/7/2025,SE,628,MES,56.91,55.5,7.9,6.7,1
US-SRG,6/7/2025,SE,628,,,,13,,
US-SRG,6/7/2025,SE,629,MES,57.31,19.6,6.2,3.9,1
US-SRG,6/7/2025,SE,629,,,,5.7,,
US-SRG,6/7/2025,SE,630,MES,52.18,1.2,1.8,1,2
US-SRG,6/7/2025,SE,630,,,,0.6,,
US-SRG,6/7/2025,SE,631,MES,62.82,5.4,3,1.8,4
US-SRG,6/7/2025,SE,631,,,,3.1,,
US-SRG,6/7/2025,SE,632,MES,65.38,2.9,2.1,1.6,4
US-SRG,6/7/2025,SE,632,,,,2.4,,
US-SRG,6/7/2025,SE,633,MES,67.78,2.8,2.1,1.6,5
US-SRG,6/7/2025,SE,633,,,,2.9,,
US-SRG,6/7/2025,SE,634,MES,62.9,3.1,1.7,2,3
US-SRG,6/7/2025,SE,634,,,,1.7,,
US-SRG,6/7/2025,SE,635,MES,74.31,21.5,6.5,4.2,2
US-SRG,6/7/2025,SE,635,,,,6.7,,
US-SRG,6/7/2025,SE,636,MES,78.41,5.1,2.1,2,6
US-SRG,6/7/2025,SE,636,,,,2.2,,
US-SRG,6/7/2025,SE,637,MES,80.12,3,2,1.8,4
US-SRG,6/7/2025,SE,637,,,,1.9,,
US-SRG,6/7/2025,SE,638,MES,81.13,2.8,1.9,1.3,3
US-SRG,6/7/2025,SE,638,,,,2.1,,
US-SRG,6/7/2025,SE,639,MES,83.93,3,1.9,1.8,3
US-SRG,6/7/2025,SE,639,,,,1.8,,
US-SRG,6/7/2025,SE,640,MES,86.51,3.7,2,1.5,1
US-SRG,6/7/2025,SE,640,,,,2.2,,
US-SRG,6/7/2025,SE,641,MES,90.59,3.5,1,1.8,1
US-SRG,6/7/2025,SE,641,,,,2.1,,
US-SRG,6/7/2025,SE,642,MES,86.77,36.8,9.8,6.2,1
US-SRG,6/7/2025,SE,642,,,,9.2,,
US-SRG,6/7/2025,SE,643,SALIX,85.15,36.8,4,5.6,1
US-SRG,6/7/2025,SE,643,,,,7,,
US-SRG,6/7/2025,SE,644,GTN,84.27,2.1,1.3,1.8,7
US-SRG,6/7/2025,SE,644,,,,1.5,,
US-SRG,6/7/2025,SE,645,MES,79.06,17,4,2.7,1
US-SRG,6/7/2025,SE,645,,,,5.1,,
US-SRG,6/7/2025,SE,646,ACIA,94.86,1.08,0.8,0.5,14
US-SRG,6/7/2025,SE,646,,,,0.7,,
US-SRG,6/7/2025,SE,647,WAC,95.86,0.5,0.5,0.3,8
US-SRG,6/7/2025,SE,647,,,,0.4,,
US-SRG,6/7/2025,SE,648,WAC,98.09,1.2,0.5,0.5,2
US-SRG,6/7/2025,SE,648,,,,0.7,,
US-SRG,6/7/2025,SE,649,MES,98.57,4.5,3,3,5
US-SRG,6/7/2025,SE,649,,,,2.9,,
US-SRG,6/7/2025,SE,650,MES,30.02,25,4.8,4.2,1
US-SRG,6/7/2025,SE,650,,,,7,,
US-SRG,6/7/2025,SE,651,MES,34.39,9.6,4.5,2.6,1
US-SRG,6/7/2025,SE,651,,,,4,,
US-SRG,6/7/2025,SE,652,GTN,40.42,1.4,1,1.3,3
US-SRG,6/7/2025,SE,652,,,,0.8,,
US-SRG,6/7/2025,SE,653,SALIX,41.08,6.8,1.8,4,1
US-SRG,6/7/2025,SE,653,,,,2.4,,
US-SRG,6/7/2025,SE,654,SALIX,42.88,3.7,2.4,4.3,5
US-SRG,6/7/2025,SE,654,,,,1.8,,
US-SRG,6/7/2025,SE,655,SALIX,45.38,8.1,2.9,4,3
US-SRG,6/7/2025,SE,655,,,,3,,
US-SRG,6/7/2025,SE,656,MES,48.26,9.1,4.3,4,7
US-SRG,6/7/2025,SE,656,,,,5,,
US-SRG,6/7/2025,SE,657,MES,44.08,2.6,2,2,4
US-SRG,6/7/2025,SE,657,,,,1.7,,
US-SRG,6/7/2025,SE,658,SALIX,57.33,31.1,3.2,2.9,2
US-SRG,6/7/2025,SE,658,,,,5,,
US-SRG,6/7/2025,SE,659,MES,64.62,10.4,5.9,4,3
US-SRG,6/7/2025,SE,659,,,,3.8,,
US-SRG,6/7/2025,SE,660,MES,65.21,1.8,2.4,3.2,8
US-SRG,6/7/2025,SE,660,,,,4,,
US-SRG,6/7/2025,SE,661,MES,72.38,3.9,2.1,2,7
US-SRG,6/7/2025,SE,661,,,,2.7,,
US-SRG,6/7/2025,SE,662,MES,74,10.4,4.2,3.5,6
US-SRG,6/7/2025,SE,662,,,,4.5,,
US-SRG,6/7/2025,SE,663,MES,77.17,6.3,2.3,1.9,5
US-SRG,6/7/2025,SE,663,,,,2.2,,
US-SRG,6/7/2025,SE,664,MES,76.97,1.3,1.2,0.9,2
US-SRG,6/7/2025,SE,664,,,,1.1,,
US-SRG,6/7/2025,SE,665,MES,76.47,3.7,2.8,2.5,7
US-SRG,6/7/2025,SE,665,,,,3,,
US-SRG,6/7/2025,SE,666,MES,83.74,21.4,5.1,4.7,2
US-SRG,6/7/2025,SE,666,,,,5.4,,
US-SRG,6/7/2025,SE,667,MES,86.57,18.5,3.1,3.6,1
US-SRG,6/7/2025,SE,667,,,,4.2,,
US-SRG,6/7/2025,SE,668,MES,86.23,8.1,3.1,3,2
US-SRG,6/7/2025,SE,668,,,,3.3,,
US-SRG,6/7/2025,SE,669,MES,88.19,17,3.9,2.8,1
US-SRG,6/7/2025,SE,669,,,,3.8,,
US-SRG,6/7/2025,SE,670,MES,84.07,20.6,5.5,4,1
US-SRG,6/7/2025,SE,670,,,,5.8,,
US-SRG,6/7/2025,SE,671,MES,91.52,23.2,5.2,4,1
US-SRG,6/7/2025,SE,671,,,,6.9,,
US-SRG,6/7/2025,SE,672,MES,95.79,9.3,3.3,3.1,3
US-SRG,6/7/2025,SE,672,,,,3.8,,
US-SRG,6/7/2025,SE,673,MES,97.08,12.9,3.1,2.3,1
US-SRG,6/7/2025,SE,673,,,,3,,
US-SRG,6/7/2025,SE,674,CHO,82.78,1.4,0.2,0.2,1
US-SRG,6/7/2025,SE,674,,,,0.1,,
US-SRG,6/7/2025,SE,675,MES,86.94,1.1,1.1,0.6,3
US-SRG,6/7/2025,SE,675,,,,0.6,,
US-SRG,6/7/2025,SE,676,MES,87.68,0.9,1.1,0.6,4
US-SRG,6/7/2025,SE,676,,,,0.8,,
US-SRG,6/7/2025,SE,677,MES,89.45,1,1.1,0.6,8
US-SRG,6/7/2025,SE,677,,,,1.6,,
US-SRG,6/7/2025,SE,678,CHAC,93.16,5.3,6.2,2.9,7
US-SRG,6/7/2025,SE,678,,,,6.5,,
US-SRG,6/7/2025,SE,679,CHAC,97.72,10.2,4.5,2.2,2
US-SRG,6/7/2025,SE,679,,,,4.2,,
US-SRG,6/7/2025,SE,680,MES,45.45,8.2,3.1,5,8
US-SRG,6/7/2025,SE,680,,,,5,,
US-SRG,6/7/2025,SE,681,MES,58,5.4,3.9,2.4,5
US-SRG,6/7/2025,SE,681,,,,2.4,,
US-SRG,6/7/2025,SE,682,UNK,46.9,,0.3,0.3,
US-SRG,6/7/2025,SE,682,,,,0.4,,
US-SRG,6/7/2025,SE,683,MES,62.11,4.4,4,3.3,10
US-SRG,6/7/2025,SE,683,,,,4.3,,
US-SRG,6/7/2025,SE,684,BRTB,54.6,,4,0.5,
US-SRG,6/7/2025,SE,684,,,,0.9,,
US-SRG,6/7/2025,SE,685,HYSL,62.35,,1.9,1.6,
US-SRG,6/7/2025,SE,685,,,,1.8,,
US-SRG,6/7/2025,SE,686,CHO,68.75,4.8,0.5,1.3,
US-SRG,6/7/2025,SE,686,,,,0.4,,
US-SRG,6/7/2025,SE,687,MES,64.4,13.3,5.2,4.9,
US-SRG,6/7/2025,SE,687,,,,6.9,,
US-SRG,6/7/2025,SE,688,HYSL,66.6,,1.5,1.3,
US-SRG,6/7/2025,SE,688,,,,0.9,,
US-SRG,6/7/2025,SE,689,MES,67.75,31.3,7,3.7,1
US-SRG,6/7/2025,SE,689,,,,0.2,,
US-SRG,6/7/2025,SE,690,CHO,66.75,1,0.1,0.1,
US-SRG,6/7/2025,SE,690,,,,0.1,,
US-SRG,6/7/2025,SE,691,MES,75.27,25.6,6.8,6.3,1
US-SRG,6/7/2025,SE,691,,,,8,,
US-SRG,6/7/2025,SE,692,MES,73.89,2,1.8,0.9,3
US-SRG,6/7/2025,SE,692,,,,1,,
US-SRG,6/7/2025,SE,693,MES,72.86,1.1,0.5,0.9,4
US-SRG,6/7/2025,SE,693,,,,0.3,,
US-SRG,6/7/2025,SE,694,MES,72.69,6.8,2.7,2.5,3
US-SRG,6/7/2025,SE,694,,,,3,,
US-SRG,6/7/2025,SE,695,MES,73.9,6.5,1.7,2,3
US-SRG,6/7/2025,SE,695,,,,1.2,,
US-SRG,6/7/2025,SE,696,MES,76.24,24.6,6.8,4.5,1
US-SRG,6/7/2025,SE,696,,,,5.8,,
US-SRG,6/7/2025,SE,697,BAR,81,3.4,,0.3,
US-SRG,6/7/2025,SE,697,,,,,,
US-SRG,6/7/2025,SE,698,OPT,,7.9,,0.3,1
US-SRG,6/7/2025,SE,698,,,,,,
US-SRG,6/7/2025,SE,699,MES,83.7,13,6,4.5,2
US-SRG,6/7/2025,SE,699,,,,7.8,,
US-SRG,6/7/2025,SE,700,MES,,11.7,3.5,3.5,2
US-SRG,6/7/2025,SE,700,,,,4,,
US-SRG,6/7/2025,SE,701,HYSL,82.5,,3.5,2,
US-SRG,6/7/2025,SE,701,,,,1.5,,
US-SRG,6/7/2025,SE,702,HYSL,91.6,,1.5,1.6,
US-SRG,6/7/2025,SE,702,,,,0.5,,
US-SRG,6/7/2025,SE,703,MES,84.11,0.4,0.2,0.2,4
US-SRG,6/7/2025,SE,703,,,,0.2,,
US-SRG,6/7/2025,SE,704,MES,82.36,1.1,0.9,0.6,4
US-SRG,6/7/2025,SE,704,,,,0.8,,
US-SRG,6/7/2025,SE,705,MES,81.89,1,0.6,0.5,4
US-SRG,6/7/2025,SE,705,,,,0.1,,
US-SRG,6/7/2025,SE,706,MES,78.92,17.3,3.5,3.7,1
US-SRG,6/7/2025,SE,706,,,,3.2,,
US-SRG,6/7/2025,SE,707,MES,78.63,8.07,2.7,2.3,2
US-SRG,6/7/2025,SE,707,,,,2.5,,
US-SRG,6/7/2025,SE,708,MES,81.75,9.5,4.5,3.2,4
US-SRG,6/7/2025,SE,708,,,,2.2,,
US-SRG,6/7/2025,SE,709,MES,82.55,9.07,7.5,3.9,5
US-SRG,6/7/2025,SE,709,,,,6.5,,
US-SRG,6/7/2025,SE,710,HYSL,86.17,,3,2,
US-SRG,6/7/2025,SE,710,,,,2,,
US-SRG,6/7/2025,SE,711,HYSL,85.82,,2.2,2.3,
US-SRG,6/7/2025,SE,711,,,,2,,
US-SRG,6/7/2025,SE,712,HYSL,87.63,,1,2,
US-SRG,6/7/2025,SE,712,,,,3,,
US-SRG,6/7/2025,SE,713,HYSL,89.24,,1.5,1.3,
US-SRG,6/7/2025,SE,713,,,,1,,
US-SRG,6/7/2025,SE,714,MES,88.1,11.3,5.2,,3
US-SRG,6/7/2025,SE,714,,,,8,,
US-SRG,6/7/2025,SE,715,ACIA,96.86,2.7,2,1.7,5
US-SRG,6/7/2025,SE,715,,,,2,,
US-SRG,6/7/2025,SE,716,GTN,97.8,1.1,1,2.9,7
US-SRG,6/7/2025,SE,716,,,,1,,
US-SRG,6/7/2025,SE,717,MES,95.35,2.3,1.8,1.3,
US-SRG,6/7/2025,SE,717,,,,2,,
US-SRG,6/7/2025,SE,718,GTN,95.53,2.3,1.8,1.2,2
US-SRG,6/7/2025,SE,718,,,,1,,
US-SRG,6/7/2025,SE,719,GTN,95.13,1.6,2.8,3.3,5
US-SRG,6/7/2025,SE,719,,,,1.5,,
US-SRG,6/7/2025,SE,720,MES,95.8,41,10,5.5,1
US-SRG,6/7/2025,SE,720,,,,11,,
US-SRG,6/7/2025,SE,721,ACIA,93.38,101,0.7,1,1
US-SRG,6/7/2025,SE,721,,,,0.5,,
US-SRG,6/7/2025,SE,722,HYSL,93.78,,2,2,
US-SRG,6/7/2025,SE,722,,,,1.3,,
US-SRG,6/7/2025,SE,723,MES,92.44,0.9,0.8,0.8,4
US-SRG,6/7/2025,SE,723,,,,0.8,,
US-SRG,6/7/2025,SE,724,MES,7.09,34,7.3,5.1,2
US-SRG,6/7/2025,SE,724,,,,7.5,,
US-SRG,6/7/2025,SE,725,BAR,8.95,35,,0.3,
US-SRG,6/7/2025,SE,725,,,,,,
US-SRG,6/7/2025,SE,726,MES,21.53,,7.2,6.3,1
US-SRG,6/7/2025,SE,726,,,,7.3,,
US-SRG,6/7/2025,SE,727,GTN,22.95,,2.5,3.4,2
US-SRG,6/7/2025,SE,727,,,,2.1,,
US-SRG,6/7/2025,SE,728,SALIX,21.03,,3.3,4.3,1
US-SRG,6/7/2025,SE,728,,,,2.4,,
US-SRG,6/7/2025,SE,729,MES,25.13,2.1,1,1.6,1
US-SRG,6/7/2025,SE,729,,,,1,,
US-SRG,6/7/2025,SE,730,MES,32.93,6.1,4.8,3,6
US-SRG,6/7/2025,SE,730,,,,4.3,,
US-SRG,6/7/2025,SE,731,MES,56.26,14.6,5,4.3,1
US-SRG,6/7/2025,SE,731,,,,5,,
US-SRG,6/7/2025,SE,732,MES,55.37,18.4,4.7,2.7,1
US-SRG,6/7/2025,SE,732,,,,5.7,,
US-SRG,6/7/2025,SE,733,WAC,57.58,,0.8,1.1,
US-SRG,6/7/2025,SE,733,,,,0.5,,
US-SRG,6/7/2025,SE,734,MES,56.63,0.7,0.5,0.5,3
US-SRG,6/7/2025,SE,734,,,,0.4,,
US-SRG,6/7/2025,SE,735,MES,63.74,20,7.2,3.9,2
US-SRG,6/7/2025,SE,735,,,,7,,
US-SRG,6/7/2025,SE,736,MES,67.2,15.2,4.9,3.3,1
US-SRG,6/7/2025,SE,736,,,,6.4,,
US-SRG,6/7/2025,SE,737,GTN,66.26,4.2,1.8,2.7,7
US-SRG,6/7/2025,SE,737,,,,2,,
US-SRG,6/7/2025,SE,738,HYSL,73.22,,0.8,1.3,
US-SRG,6/7/2025,SE,738,,,,0.7,,
US-SRG,6/7/2025,SE,739,HYSL,70.73,,1,1.2,
US-SRG,6/7/2025,SE,739,,,,0.9,,
US-SRG,6/7/2025,SE,740,MES,71.44,15.2,2.3,3.8,1
US-SRG,6/7/2025,SE,740,,,,2.5,,
US-SRG,6/7/2025,SE,741,HYSL,72.2,,1,1.3,
US-SRG,6/7/2025,SE,741,,,,0.9,,
US-SRG,6/7/2025,SE,742,HYSL,76.07,,0.7,1,
US-SRG,6/7/2025,SE,742,,,,1,,
US-SRG,6/7/2025,SE,743,MES,83.27,38,8.8,5.4,1
US-SRG,6/7/2025,SE,743,,,,10,,
US-SRG,6/7/2025,SE,744,MES,93.05,8.4,4.9,2.6,4
US-SRG,6/7/2025,SE,744,,,,5,,
US-SRG,6/7/2025,SE,745,ACIA,93.12,,2.1,1.3,
US-SRG,6/7/2025,SE,745,,,,2.1,,
US-SRG,6/7/2025,SE,746,ACIA,96.73,,2.3,2.3,
US-SRG,6/7/2025,SE,746,,,,2.5,,
US-SRG,6/7/2025,SE,747,MES,96.42,3.2,1.5,2,5
US-SRG,6/7/2025,SE,747,,,,1.2,,
US-SRG,6/7/2025,SE,748,ACIA,96.39,,1,1.3,
US-SRG,6/7/2025,SE,748,,,,1,,
US-SRG,6/7/2025,SE,749,MES,99.57,3.2,2.1,2,6
US-SRG,6/7/2025,SE,749,,,,2.8,,
US-SRG,6/7/2025,SE,750,MES,99.24,2.7,2.8,2.5,8
US-SRG,6/7/2025,SE,750,,,,2.3,,
US-SRG,6/7/2025,SE,751,MES,99.83,2.2,1.1,1.8,5
US-SRG,6/7/2025,SE,751,,,,1.3,,
US-SRG,6/7/2025,SE,752,HYSL,98.2,,1,1.7,
US-SRG,6/7/2025,SE,752,,,,1,,
